word,frequency
dain,1045
kostedi,693
hedi,638
kostain,630
ain,596
hei,588
šedi,552
ol,529
kostei,527
šei,452
ostain,440
hol,401
ar,362
or,333
al,309
ostei,306
otredi,301
otrain,298
dar,287
ostedi,273
dal,244
sain,233
otrei,222
di,218
hor,211
heol,207
kostal,203
kotredi,195
šol,186
lhedi,165
otral,158
ostal,157
kotrain,156
kol,155
hcsthi,154
hdi,153
kostar,148
kosti,147
otrar,146
hi,139
šeol,136
ostar,131
šo,125
stain,123
rain,123
otri,121
lstain,116
stedi,115
heor,113
dol,111
lstedi,106
kostol,105
ctrhi,105
heodi,105
dair,101
ši,97
hodi,96
osteol,95
heo,95
hesti,93
am,90
har,88
šor,88
osti,87
dam,85
hctrhi,85
sar,84
air,83
ostol,82
kotri,81
otrol,81
olstedi,79
odain,77
hes,75
lstei,74
olstain,73
kosthi,73
kosteol,73
hedain,73
kotrei,72
dor,71
olain,70
sol,68
lhei,67
istei,67
train,67
hain,67
šeor,65
orain,64
stei,64
oplhedi,62
ho,62
tredi,61
hear,61
kotrhi,61
kotral,60
kotrar,60
ctrhei,60
šeo,60
šcsthi,59
hal,59
šesti,58
ctrhol,58
šeodi,58
sor,56
sal,56
kosthdi,56
otreol,56
star,55
hecsthi,55
lšedi,55
otreodi,55
osteodi,55
olstei,53
šodi,53
lor,51
oli,50
kodain,50
hodain,49
kosteodi,49
oiin,48
ihei,48
otram,48
istedi,47
trol,47
osthei,47
kotrol,46
lol,46
otrhi,46
hedar,46
kosthedi,46
itredi,45
šdi,45
oain,45
trar,44
heal,44
otror,44
csthei,44
olhei,43
olhedi,43
itrain,43
šecsthi,42
ctrhor,42
istain,42
heos,42
kosthei,41
plhedi,41
še,41
koplhedi,41
aiin,41
dšedi,40
steol,40
odi,40
kostor,39
osteo,39
hosti,39
hos,39
otreos,39
osteor,38
oplhei,38
hstain,38
csthi,38
otrhei,38
hotri,38
hcsthei,37
stol,37
kosteor,37
kosteei,36
šar,36
lstar,36
kosteo,36
šain,36
osthedi,35
hectrhi,34
ostor,34
šctrhi,34
koain,34
hedal,33
otrhedi,33
osteei,33
osthi,32
trei,32
dhedi,32
olor,32
ko,32
otrair,32
trhedi,31
ali,31
kostam,31
hostain,31
steodi,31
lšei,30
dhei,30
iheo,30
dali,29
istar,29
hdain,29
kotror,29
sthi,29
itrei,28
hl,28
hetri,28
soiin,28
sair,28
sthei,28
kosted,28
kotrhedi,28
šed,28
os,28
otreo,28
isteol,28
stal,27
hed,27
dhi,27
šear,27
šodain,27
ostam,27
dšei,26
kor,26
ostair,26
sti,26
stor,26
oldi,26
trhei,26
sthedi,26
hestain,26
aiir,26
ldi,25
kocsthei,25
lsti,25
koedi,25
šeal,25
rar,25
isteodi,25
trhi,24
si,24
odar,24
dhor,24
heodain,24
om,24
otrhol,24
rol,23
išei,23
itri,23
hstei,23
šedain,23
itrar,23
koplhdi,23
ostali,23
dari,23
ari,23
idain,23
kostehi,23
csthol,23
hestei,22
plol,22
šectrhi,22
hdar,22
šes,22
treol,22
otrhdi,22
tror,22
oplhdi,22
lain,22
kostair,22
daiir,22
olšedi,21
ham,21
ral,21
otrali,21
kotrhdi,21
kostedar,21
hsti,21
olsti,20
ror,20
doiin,20
sthol,20
ctrhar,20
hocsthi,20
sthor,20
ihedi,19
šal,19
lsthedi,19
dhol,19
otredar,19
osthdi,19
stair,19
hs,19
kocsthi,19
trhor,19
steor,19
hstal,19
kotrhei,19
kosthol,19
isti,19
hostei,19
isthi,19
ori,18
olšei,18
lhdi,18
dl,18
kodi,18
ols,18
olol,18
iheol,18
aral,18
osteal,18
hdal,18
koei,18
trair,18
otreor,18
itreodi,18
osthor,18
oplhi,18
itrhi,18
osteos,18
ctrhodi,18
tral,17
išedi,17
daldi,17
šeos,17
alstain,17
ihor,17
orol,16
kotreol,16
ram,16
šestei,16
kotram,16
tri,16
ocsthi,16
kostali,16
ostes,16
daiin,16
hoctrhi,16
ostedain,16
kotreodi,16
hosthi,16
oar,16
otrhor,16
ostodi,16
ltredi,15
šcsthei,15
lo,15
hecsthei,15
šetri,15
otršedi,15
sthdi,15
aldi,15
itral,15
kostedain,15
arain,15
ostear,15
hotrei,15
oplain,15
ihol,15
dan,15
plhei,14
ohei,14
ri,14
lr,14
cplhi,14
šedal,14
osteedi,14
hcsthedi,14
otres,14
cplhol,14
trhdi,14
šsti,14
odal,14
hestal,14
ostedal,14
koplhei,14
holi,14
hstar,14
hodar,14
šeod,14
šeain,14
hotrain,14
hotrar,14
do,14
hom,14
kotrhor,14
ctrho,14
rhei,13
kolhedi,13
rhedi,13
olstal,13
plhdi,13
oral,13
oplal,13
ostšei,13
prhedi,13
kostear,13
istal,13
šest,13
hdam,13
lstl,13
lsteodi,13
steo,13
otreodain,13
heostei,13
heom,13
iplhedi,13
arodi,13
plheodi,13
šoctrhi,13
hoi,13
kotrhol,13
osthol,13
ctrhain,13
hoiin,13
kostšedi,12
tršei,12
olsteei,12
arol,12
li,12
plheol,12
hcsthdi,12
kolhei,12
olar,12
hetrei,12
koprhedi,12
otred,12
hcplhi,12
plhor,12
kostl,12
itrhedi,12
lsteol,12
kosteod,12
alam,12
lsteei,12
treodi,12
iheor,12
aram,12
han,12
trhol,12
isteor,12
kostši,12
oldain,12
itror,12
oram,11
ls,11
olstar,11
ctrhedi,11
ro,11
solstedi,11
alol,11
itrhor,11
ostehi,11
dšeol,11
hr,11
koar,11
lsthei,11
eedi,11
lheol,11
otreei,11
heei,11
steei,11
tredain,11
lstal,11
plhodain,11
otrodi,11
kotrho,11
trodain,11
koplhi,11
heocsthi,11
kosthor,11
istor,11
oedi,10
oplar,10
ršedi,10
orar,10
ostedar,10
ohedi,10
otroldi,10
hetrain,10
plhedar,10
otroli,10
htri,10
otr,10
hdor,10
istol,10
olsteol,10
ocsthei,10
dšor,10
htral,10
kotrodi,10
hcsthhi,10
otreal,10
kosteos,10
ees,10
osteom,10
lstam,10
daim,10
hotrhi,10
sorain,10
šosthi,10
lsteo,10
sam,10
šeodain,10
ostoiin,10
alain,10
ostari,10
kostho,10
ctrheol,10
hori,10
itram,9
stam,9
plor,9
kostan,9
isthei,9
kost,9
kolstain,9
ostši,9
alstedi,9
hestar,9
tršedi,9
olheol,9
olal,9
šstain,9
dheol,9
kostaldi,9
lplhedi,9
šedar,9
plolain,9
osthd,9
šestain,9
šod,9
koeei,9
kotreo,9
hedam,9
hetrar,9
sarain,9
lhal,9
rarain,9
rair,9
olr,9
hostedi,9
šos,9
osteoli,9
isteo,9
octrhi,9
ostho,9
oplheol,9
hodal,9
hotral,9
osain,9
holdi,9
csthor,9
ohor,9
cstheol,9
ctrhom,9
itrol,9
kolstedi,8
solhedi,8
ošei,8
lhed,8
lhi,8
heosti,8
kostoiin,8
hctrhei,8
hctrhedi,8
kotred,8
da,8
dei,8
lal,8
kolstei,8
šoldi,8
plhol,8
koin,8
dhdi,8
olhdi,8
otredain,8
shedi,8
trho,8
daiidi,8
šctrhei,8
hestedi,8
itrhei,8
hd,8
šeosti,8
plolhedi,8
kohei,8
etri,8
plain,8
alom,8
hostar,8
stehi,8
trheo,8
daram,8
ostehedi,8
kod,8
kosteain,8
plhedain,8
ail,8
kotr,8
šhi,8
cplhain,8
heodal,8
koedain,8
osto,8
kostodi,8
istair,8
otreodar,8
heoar,8
hostal,8
htrain,8
koctrhi,8
otro,8
alor,8
odor,8
itrhdi,8
koor,8
dši,8
dšo,8
ostos,8
sos,8
otrho,8
stšo,8
doiir,8
oees,8
trhodi,8
kodar,8
otraldi,7
otraram,7
heostain,7
aror,7
oprhedi,7
isteei,7
hctrhhi,7
kostes,7
ostoldi,7
hstedi,7
trheol,7
lar,7
oltredi,7
loli,7
kotres,7
kocsthedi,7
šetrei,7
cplhei,7
sšei,7
otredal,7
kostedal,7
šosti,7
holstain,7
kolain,7
alhei,7
tredam,7
oror,7
olhi,7
shei,7
arar,7
heoldi,7
lam,7
cplhedi,7
ctrhdi,7
ostaral,7
hcsthal,7
plorain,7
kotrali,7
plhedal,7
ctrhal,7
kocsthol,7
kosteal,7
dheo,7
šesthi,7
oin,7
sodar,7
koi,7
isthedi,7
es,7
šam,7
heoli,7
kosto,7
plheor,7
lstair,7
aim,7
lsteedi,7
oplhedain,7
dalam,7
trheodi,7
olsteodi,7
treodain,7
lstšedi,7
stedal,7
ocsthedi,7
haram,7
isthdi,7
stheor,7
ostom,7
oi,7
oes,7
alar,7
ostalal,7
šostei,7
šeei,7
šocsthi,7
hoplhi,7
trodi,7
šori,7
hosteodi,7
ostaldi,7
oprhdi,6
koli,6
ostehdi,6
hedol,6
lhor,6
kotreor,6
koplol,6
rari,6
idi,6
olplhedi,6
šecsthedi,6
kostehedi,6
olam,6
dedi,6
šcsthedi,6
otrari,6
alhedi,6
stoldi,6
lstol,6
orair,6
opli,6
trhar,6
dalol,6
kotredar,6
šecsthei,6
stšei,6
šestal,6
st,6
hari,6
ldar,6
kei,6
stšedi,6
kotrair,6
olstam,6
loiin,6
ostaiin,6
ihedain,6
otrarar,6
kosthd,6
koeol,6
koiin,6
heam,6
šeodar,6
osteodain,6
šetr,6
alal,6
šost,6
otreain,6
holstedi,6
osteam,6
dairal,6
prhei,6
šostar,6
stedar,6
ctrheor,6
hosteol,6
harain,6
olsthedi,6
hotram,6
cplhor,6
šdar,6
itreol,6
hocsthei,6
otrehi,6
hostor,6
koplain,6
stšeodi,6
kodal,6
plšeodi,6
stheodi,6
saiir,6
treedi,6
isteos,6
ostaiir,6
šosain,6
hosain,6
osthar,6
iain,6
oplhed,6
alodi,6
hoctrhei,6
oplhol,6
daiim,6
holsti,6
dom,6
oldam,6
cprhi,6
tršol,6
ctrheodi,6
otrhodi,6
isthol,6
šotri,6
cprhol,6
hotrol,6
pr,6
shol,6
dhain,6
cstheodi,6
dalor,6
istali,6
isthor,6
horain,6
osteod,6
ostalar,6
otreodal,6
csedi,5
lheam,5
istes,5
stšeol,5
olstair,5
sstain,5
kosteedi,5
oplol,5
solstei,5
hectrhei,5
dšol,5
otrehdi,5
olstol,5
dolhedi,5
štri,5
ostedam,5
soin,5
osteši,5
saral,5
šd,5
hesi,5
octrhei,5
šestar,5
edi,5
plšol,5
htrol,5
oro,5
sali,5
koplšedi,5
oplor,5
oloiin,5
solstain,5
lom,5
dalar,5
šostal,5
koal,5
heain,5
korain,5
sarol,5
dalal,5
kopl,5
koctrhei,5
stehdi,5
osted,5
osal,5
kool,5
keei,5
hepli,5
dalain,5
hali,5
ldain,5
kopli,5
dalhdi,5
lsted,5
hctrhdi,5
kostehdi,5
sšedi,5
otrhar,5
kotrši,5
holor,5
otran,5
lhol,5
orhei,5
heisti,5
ei,5
kotrhed,5
as,5
lheo,5
heod,5
odl,5
hosthei,5
iheodain,5
istedain,5
olsteedi,5
lotri,5
soain,5
olsteo,5
otraral,5
lstedain,5
stear,5
raram,5
otrarain,5
plhodi,5
lsthdi,5
lstedal,5
olstehi,5
heodar,5
plhdar,5
hoain,5
oplair,5
otrham,5
tršo,5
stšar,5
alstar,5
an,5
koair,5
ostan,5
sairi,5
dodi,5
alstam,5
iho,5
treor,5
šeoi,5
istam,5
steos,5
šoain,5
ost,5
lodi,5
ohi,5
soi,5
koeor,5
otrear,5
kostod,5
oplari,5
ist,5
troi,5
odam,5
oplhor,5
šeodal,5
trhodain,5
her,5
od,5
stodi,5
cstho,5
hod,5
sthodi,5
istho,5
dals,5
itro,5
csthhi,5
stho,5
ohol,5
stheol,5
host,5
šeostei,5
oprain,5
holodi,5
šoiin,5
odair,5
itrali,5
stši,5
itrodi,5
ctrhhi,5
stoiin,5
ihear,4
olšdi,4
otršei,4
distain,4
lsto,4
lheor,4
olhed,4
dšes,4
olšeol,4
koplhol,4
ošedi,4
šecplhi,4
roiin,4
šostain,4
kesthdi,4
šl,4
ihes,4
olprhedi,4
hetredi,4
lostam,4
ostai,4
kostaiir,4
aitrhi,4
olsthi,4
staldi,4
oltrain,4
solhei,4
dalstar,4
distedi,4
heali,4
tredar,4
csthedi,4
kolsti,4
kolšedi,4
šdal,4
rhi,4
plar,4
opral,4
plolši,4
ostšedi,4
dhed,4
iplhi,4
lostedi,4
sostedi,4
stari,4
disti,4
csthain,4
hepl,4
aiini,4
lhar,4
plšedi,4
doin,4
hedor,4
kestei,4
ltrain,4
soral,4
dalhedi,4
šoisthi,4
kotršdi,4
ihedar,4
otrori,4
holhei,4
stas,4
otreedi,4
loei,4
kostdi,4
cplhar,4
los,4
otralor,4
olo,4
heistain,4
ltrei,4
heoain,4
kotrheo,4
istoiin,4
išeor,4
itreei,4
ostehei,4
orom,4
heostedi,4
dšeo,4
ordain,4
hedei,4
hool,4
kohedi,4
lstehei,4
lstehedi,4
so,4
aldain,4
htrar,4
šstei,4
trear,4
steodal,4
treo,4
stehedi,4
lstedar,4
hcsthain,4
ltral,4
lostei,4
dadi,4
šolstedi,4
lheal,4
iheain,4
heolstedi,4
lši,4
trhedor,4
lho,4
oplhes,4
htrei,4
plhdair,4
rodain,4
stheo,4
išeo,4
otralain,4
oprar,4
otredam,4
dheodi,4
dalstedi,4
ostaram,4
kotreos,4
iheodi,4
išeodi,4
olheo,4
oplam,4
oair,4
otraiir,4
osteodar,4
dheos,4
tr,4
hostam,4
kotreal,4
koees,4
šeostain,4
kotredal,4
lldi,4
plolar,4
alo,4
alsti,4
sori,4
ostalain,4
heotri,4
osthdar,4
lstšei,4
oiir,4
prhdi,4
kostheodi,4
otrhod,4
hoplhei,4
csthar,4
kostees,4
ctrhes,4
plodar,4
tršdi,4
heplar,4
hplhi,4
heplhi,4
kotreei,4
oplhal,4
otralar,4
prol,4
iplain,4
holal,4
olheor,4
kostir,4
plairar,4
heotrain,4
stairam,4
stalstal,4
htrl,4
šstar,4
štrhi,4
kostšdi,4
kostšd,4
dairi,4
lstaiir,4
otridi,4
sto,4
otros,4
ostheodi,4
rodi,4
aildi,4
oaiir,4
heoi,4
olstear,4
trocsthi,4
osthain,4
kostaii,4
solain,4
otralal,4
otras,4
oestei,4
sa,4
išeod,4
he,4
cplheor,4
steodain,4
lšeodi,4
ostheo,4
horor,4
hestol,4
šotrhi,4
csthal,4
koear,4
heoctrhi,4
hotr,4
eor,4
hodhi,4
ostšo,4
tram,4
stšeo,4
stšodi,4
hetrhi,4
šoli,4
ostoi,4
tršor,4
šom,4
hosthol,4
otrheor,4
sodi,4
stodain,4
isthodi,4
hostol,4
otrhos,4
oeor,4
didi,4
sthain,4
trši,4
ctrholi,4
hsthi,4
hotrhei,4
daiis,4
otrši,4
šan,4
trhos,4
storain,4
didain,4
oestain,4
cplheodi,4
iplhei,4
hitri,4
ihi,4
dori,4
csthodi,4
tros,4
histi,4
oeo,4
oldar,4
hesthi,4
šs,4
hotror,4
holain,4
alšei,4
isain,4
ostoli,4
dšeor,4
otreod,4
šeom,4
itreos,4
osteodal,4
otreotrei,4
otredol,3
kostšei,3
kostehei,3
otršdi,3
steedi,3
darol,3
lhecsthi,3
solšedi,3
rolhi,3
kctrhei,3
lšed,3
plolhei,3
kotresi,3
hcplhei,3
plolhdi,3
oraiin,3
plolarar,3
holsteei,3
koeedi,3
šedam,3
ditrei,3
hest,3
stan,3
štral,3
kedi,3
san,3
ostalhi,3
hsdi,3
kostoldi,3
lhedam,3
hls,3
kotršedi,3
šectrhei,3
ostedor,3
cprhei,3
itredar,3
rom,3
olšed,3
kolšei,3
ostolši,3
oroli,3
koplor,3
šctrhhi,3
oplalstain,3
šcsthhi,3
šestedi,3
roli,3
kotršei,3
kostas,3
oltridi,3
ki,3
heplhedi,3
šeoldi,3
otralšedi,3
koeo,3
šeam,3
dalšdi,3
tredal,3
dstain,3
iar,3
dairam,3
kcsthedi,3
hcsthd,3
ihed,3
kedar,3
iprhei,3
csthdi,3
šeols,3
hcplhedi,3
istšeol,3
otralam,3
rorol,3
lhs,3
heg,3
keedi,3
hen,3
šehi,3
kotredain,3
šeplhi,3
lolstain,3
ostalol,3
olom,3
das,3
darom,3
sols,3
daro,3
kodedi,3
ketrain,3
kotreedi,3
dalo,3
kolši,3
holo,3
hstam,3
hepr,3
koprheol,3
ostalor,3
stšdi,3
oltrar,3
ostolo,3
ostori,3
lšeol,3
kotrl,3
oedain,3
hotredi,3
horol,3
lsain,3
otrairor,3
kosain,3
hhi,3
otream,3
heditrei,3
plhdam,3
olheodi,3
tred,3
plolal,3
hepri,3
lprhedi,3
plhal,3
hecsthed,3
kear,3
ihar,3
atri,3
stedain,3
aldar,3
osteain,3
doain,3
ostalam,3
kstain,3
kostalor,3
otroiin,3
hstol,3
hsthol,3
osteostain,3
hotro,3
plheo,3
kos,3
plolor,3
ihedal,3
heosteo,3
hostodi,3
kotrear,3
plohedi,3
kain,3
aloiin,3
plholi,3
lsteal,3
šsthi,3
kostoi,3
istedar,3
hlar,3
koprhdi,3
oplalal,3
kostalhdi,3
tredo,3
lhdain,3
kodam,3
oeal,3
olsteor,3
olhear,3
koheol,3
olali,3
oear,3
otrhes,3
oplorain,3
otrodain,3
hecsthol,3
arl,3
trarol,3
oplheodi,3
plholsti,3
stošei,3
heost,3
kostedam,3
hctrhar,3
otraim,3
prheol,3
lolain,3
prar,3
hehei,3
salar,3
loees,3
ostarol,3
ostoei,3
oor,3
iheod,3
ocplhi,3
dalhi,3
treos,3
octrhdi,3
kodair,3
kopldain,3
koeodi,3
oeain,3
isteodain,3
daiiral,3
odei,3
oleei,3
oei,3
oledi,3
iplair,3
eol,3
ilstain,3
airal,3
laiin,3
aiidi,3
lsthi,3
oal,3
otreosi,3
hcsthodi,3
dhos,3
ha,3
asti,3
steeol,3
lstheo,3
loain,3
lodar,3
šeesti,3
šsthedi,3
hctrhal,3
šstair,3
oplhear,3
trheor,3
istheor,3
otroi,3
otreis,3
ihain,3
hdali,3
trarair,3
hosthedi,3
aiinal,3
otrodal,3
plal,3
koprhol,3
šees,3
plair,3
stl,3
staiin,3
alhor,3
oprhei,3
sostei,3
arodl,3
ihtrain,3
holhedi,3
ihdi,3
trhod,3
ostohei,3
sairal,3
raral,3
olši,3
šer,3
oeos,3
kotrhd,3
olstes,3
kotrhodi,3
etredi,3
ploar,3
koplal,3
itreo,3
aiil,3
istear,3
kostlain,3
hplal,3
trarain,3
kotrišei,3
ltri,3
hstali,3
odedi,3
hcprhi,3
olstedain,3
plhdain,3
kostaim,3
koestain,3
hecplhei,3
oplheo,3
oplheor,3
heolor,3
olplhei,3
dairodi,3
isteedi,3
hplor,3
itroiin,3
prheodi,3
ostairi,3
aiis,3
htrhi,3
lrain,3
diin,3
holstal,3
hodr,3
alstei,3
starodi,3
plšdar,3
starhi,3
ostees,3
otrais,3
stšed,3
oplhodi,3
rheo,3
koplheodi,3
plšodain,3
šotreodi,3
plheodar,3
heostam,3
sodal,3
hoar,3
kostairor,3
plhar,3
dheor,3
hols,3
plodain,3
šodal,3
hocplhi,3
itrodain,3
csthos,3
heotrei,3
šeoesti,3
estei,3
cstheos,3
dhosthi,3
šsteo,3
aldam,3
oplidain,3
histhi,3
ctri,3
cstham,3
ostolhi,3
hestodi,3
troar,3
kotroiin,3
isteols,3
kostheo,3
hoši,3
koplhor,3
damo,3
oeei,3
dhar,3
idal,3
ctro,3
sthod,3
stoli,3
hcprhhi,3
koos,3
hesthei,3
shor,3
treodar,3
kotrheain,3
išo,3
stšol,3
osthodi,3
koctrhedi,3
octrhodi,3
heodam,3
kotrheol,3
kosthain,3
hosteo,3
sodain,3
hohi,3
plhoctrhi,3
hotreol,3
dais,3
otrees,3
prhol,3
stoain,3
itrhoi,3
treodal,3
itreod,3
dairin,3
kotrhar,3
lodain,3
otrhal,3
hodali,3
kotrhain,3
itrhol,3
oprhi,3
pl,3
iplhdi,3
darar,3
arari,3
itrhodi,3
trodal,3
trheos,3
itreor,3
ostalodi,3
troes,3
otreoli,3
šotrol,3
iplhol,3
iheosti,3
šodol,3
daldain,3
kocstheol,3
sheol,3
osteoi,3
doli,3
šocsthei,3
ksteodi,3
olstor,3
olhor,3
cstheo,3
sari,3
heols,3
otrosti,3
aloli,3
cplheol,3
otroar,3
eodi,3
hoestei,3
heoestei,3
koltredi,2
ditrain,2
kolar,2
ketri,2
oroiin,2
dalari,2
oiini,2
diqostedi,2
octrheol,2
sotrain,2
kotredor,2
hoplhedi,2
deedi,2
plolhed,2
cplhal,2
lhedar,2
lohedi,2
lhes,2
lhl,2
oleedi,2
koestedi,2
šeolol,2
kodei,2
salstedi,2
plšeoldi,2
otreoldi,2
lšes,2
lšetri,2
dolšedi,2
htredi,2
rhes,2
oll,2
stehei,2
trhal,2
icsthei,2
csesti,2
ploiin,2
kostidi,2
dolstedi,2
oplholor,2
sted,2
kosteoli,2
hcsthor,2
dis,2
dolor,2
soli,2
darhi,2
dli,2
hcplhhi,2
ršei,2
olsted,2
lšecsthi,2
saino,2
lplhdi,2
istehi,2
ostešei,2
ditredi,2
salhedi,2
oqol,2
olhctrhi,2
šestam,2
dstedi,2
sstei,2
rhesti,2
itrhhi,2
oitrhi,2
loldi,2
solheol,2
dstšei,2
šeir,2
ostin,2
kctrhi,2
ldol,2
doldi,2
hecsthdi,2
šecsthal,2
šeolstain,2
šldi,2
ollhi,2
ostalo,2
otrolor,2
rhr,2
trhedar,2
dšedal,2
prhor,2
kotras,2
oqostain,2
dorain,2
dail,2
dairol,2
olšeor,2
dihedi,2
ltrari,2
lšo,2
raiin,2
otredil,2
kolal,2
alši,2
olalor,2
kohi,2
olhdar,2
rori,2
hdol,2
shes,2
kestain,2
rhs,2
pldal,2
oplšedi,2
ketral,2
olsain,2
rali,2
hedior,2
kotran,2
saldi,2
daror,2
lod,2
arotrei,2
olosti,2
lšdi,2
dšdi,2
ditri,2
oisthi,2
oltršei,2
heori,2
kolheol,2
šr,2
pršedi,2
dalom,2
storhi,2
csei,2
trotrol,2
trolstain,2
ear,2
ocsthhi,2
sairol,2
cplheo,2
sheo,2
lhodi,2
kocsti,2
lheod,2
kosteohi,2
dlhd,2
dhdar,2
šosthei,2
koistei,2
olšo,2
adam,2
astain,2
alod,2
kotrehi,2
otrheo,2
stholhdar,2
aiipl,2
hetralši,2
kosteas,2
šestši,2
reei,2
otrhdain,2
acsthi,2
otrhedei,2
otreolair,2
košeo,2
eeodain,2
dhedar,2
isteeos,2
plhedei,2
otreodo,2
štrar,2
lheoestam,2
hectrhdi,2
kotredl,2
kosteodar,2
oxor,2
heotridi,2
sšeo,2
trhed,2
kostešei,2
stešodi,2
lhr,2
oxar,2
šeostar,2
rsti,2
šeotrhedi,2
šsteodi,2
štreodi,2
dšeotrei,2
holsteedi,2
lhehdi,2
koeeo,2
lstedlstei,2
ihedl,2
plisteor,2
oplhedal,2
heamar,2
kosteostedi,2
otreolstei,2
heditreostain,2
treolstedain,2
ltreal,2
ir,2
olhal,2
ploeostei,2
lprhi,2
heplham,2
kosteostain,2
heosteain,2
iše,2
ostšdi,2
koehi,2
sšedal,2
hedalstedi,2
koiedi,2
oeedain,2
loetri,2
stedarxi,2
lsteded,2
hlal,2
ostaldain,2
hedstel,2
ledain,2
šcsthain,2
hectrham,2
olsteed,2
otreši,2
tršedsti,2
istealstei,2
oplšolal,2
opraramotri,2
tredan,2
kostešdi,2
heistedi,2
olheei,2
plolstedal,2
lotredain,2
heistehei,2
llod,2
olsar,2
heedain,2
oloeedi,2
hectrhal,2
hestest,2
ldir,2
olhees,2
trolšei,2
is,2
rl,2
lšedain,2
rhetrei,2
ostearam,2
lhg,2
lhm,2
hecsthedi,2
oam,2
sšeodain,2
kosteolhei,2
llhei,2
olhar,2
osthedam,2
trhdor,2
plhed,2
lstor,2
rodam,2
ld,2
lhain,2
šeolstedi,2
lstešdi,2
šeotr,2
ostas,2
stolhei,2
iair,2
koplhetri,2
osthdplhi,2
trodašx,2
stedidi,2
hocsthed,2
heodhi,2
hosted,2
trhostedi,2
lstedšedi,2
osthepri,2
plhoprar,2
hsi,2
šostedar,2
šstedi,2
osteitri,2
kosteodain,2
ketrhdi,2
hlam,2
plolhal,2
otralod,2
prheostair,2
dstedam,2
prolain,2
oplhsd,2
allsteam,2
rainal,2
halstedi,2
orheori,2
arolstei,2
osteolstei,2
alstan,2
alodar,2
alold,2
plihori,2
plorol,2
heisteed,2
hcsthom,2
stešo,2
steodsti,2
kcsthi,2
steam,2
kodaiin,2
sthdal,2
tršdol,2
hocsthar,2
troain,2
airod,2
tršedar,2
oplhar,2
lsteodain,2
ostolhei,2
osthdal,2
kotršeod,2
koplhar,2
oiinol,2
kotraiin,2
holstar,2
treoar,2
steodar,2
trosti,2
otrhedain,2
kostaram,2
ostalhedi,2
lsthes,2
plaiir,2
oplalor,2
otrehedi,2
otra,2
hcstheal,2
oplheodair,2
ralhi,2
hostedair,2
alolšedi,2
heolstei,2
kostšeo,2
ilhei,2
hedstain,2
šedaitrain,2
lhdal,2
halstain,2
hctrham,2
šistain,2
olhedar,2
llo,2
plolstin,2
heoplain,2
hcprhei,2
plohei,2
llm,2
šeaini,2
aman,2
tralol,2
lšestain,2
lsteed,2
lstaršar,2
raldl,2
šalsti,2
trorhei,2
lhsl,2
hosteal,2
rolstei,2
lsteain,2
kestal,2
oplhdal,2
plheos,2
otreodl,2
odali,2
plodair,2
hdedi,2
opldain,2
ostod,2
heoal,2
šedo,2
oldal,2
stais,2
ald,2
hedaiin,2
in,2
il,2
oesteodi,2
airodi,2
olsthei,2
koplhedain,2
otrhehi,2
osteorl,2
istolairol,2
šhs,2
stheos,2
ihecsthi,2
otreosain,2
sostal,2
plhosos,2
rhsi,2
le,2
šoo,2
išoain,2
lsteoar,2
lstehes,2
lstheol,2
stotrhi,2
kostšeoi,2
haiin,2
hcprhor,2
heplhar,2
rlain,2
ial,2
stšorain,2
šotreol,2
lstlheol,2
csthidi,2
cplhoctrhi,2
šedair,2
šaiin,2
lšor,2
trhoar,2
koplam,2
isteoeši,2
lsthor,2
plhodair,2
šotredi,2
koplhodi,2
hprhol,2
sthdain,2
hplhšdi,2
heši,2
lhod,2
irain,2
asthi,2
lholstain,2
išeoain,2
alsteol,2
htrhol,2
prolhear,2
khar,2
hastain,2
cplhoal,2
plalšsar,2
lšdain,2
otršsain,2
šocprhi,2
koplhear,2
lsteos,2
šeocplhi,2
stheodain,2
heosteol,2
plheodain,2
heosteos,2
lsteor,2
estain,2
trhosti,2
odeei,2
otralsi,2
darhedi,2
plhdlar,2
ostesodar,2
deo,2
hadi,2
otrostho,2
hotrhedi,2
heotrhei,2
troršor,2
kostaral,2
hdisthedi,2
plšedain,2
kocsthal,2
trolšosor,2
keoi,2
losain,2
ploalosi,2
praršei,2
acplhei,2
ilar,2
traror,2
kotralal,2
ostil,2
hdalal,2
otrir,2
hplain,2
šalstain,2
stairi,2
oplaihi,2
šeistal,2
iols,2
salxar,2
ostrain,2
lhel,2
oplaim,2
staldaim,2
rstei,2
ihstl,2
otrlhdain,2
sthestain,2
plaihi,2
histain,2
kostostil,2
alstal,2
heorain,2
traidi,2
lprhal,2
otraili,2
pršeda,2
oplaiiral,2
alalor,2
amhi,2
šeosteor,2
išedain,2
heosthi,2
iheotro,2
tršoar,2
šiplhedi,2
tralšdi,2
stararo,2
loror,2
tršodain,2
šolstair,2
lolstair,2
trhdis,2
hedo,2
olsteal,2
šsi,2
aršei,2
sarar,2
plšodalos,2
plolhs,2
stolšes,2
ostharain,2
heolhdain,2
tršod,2
olstalol,2
stšdain,2
šeotral,2
šoor,2
olos,2
kotrostodi,2
olham,2
šdair,2
iplodain,2
saram,2
dihi,2
alodam,2
plioali,2
stheodar,2
šcplhoor,2
odr,2
dairair,2
stolhedi,2
trheodar,2
plodstor,2
plihal,2
stalos,2
oqotrain,2
dheoain,2
hesteal,2
lheodi,2
šaisthi,2
trostain,2
plhear,2
ploli,2
plhdol,2
soes,2
hctrhain,2
kotroi,2
koplheos,2
kotrolheo,2
ošeo,2
hetram,2
otrheodi,2
sotrei,2
dalr,2
eo,2
dm,2
prolhei,2
xar,2
otrail,2
odis,2
traim,2
sairor,2
kostari,2
keol,2
hotrir,2
otreidi,2
soar,2
solol,2
koeean,2
dalhd,2
alsi,2
daihi,2
dairii,2
otrihei,2
plholstedi,2
osthoiin,2
stolprhdi,2
šeostedi,2
šaram,2
steolor,2
staraini,2
alšedi,2
olhain,2
plom,2
itreostar,2
omam,2
otrem,2
alair,2
otralsthi,2
dcsthi,2
olstir,2
aiim,2
plolheolstain,2
koplhcprhi,2
ocstheodi,2
dlstal,2
trarairi,2
plarair,2
aiirali,2
plalar,2
plholstal,2
oplalstam,2
plalhar,2
astaiisti,2
raisthi,2
oplalstar,2
oplhain,2
stolstar,2
trolsteedi,2
ltram,2
sostod,2
diair,2
heari,2
aiili,2
plostar,2
oloeei,2
lsthali,2
heostali,2
steedal,2
osteotrei,2
steoal,2
oeeodi,2
plheostei,2
oeesti,2
oplhdar,2
oheor,2
hestaiin,2
iin,2
kohain,2
dheotri,2
histedi,2
otraldal,2
halor,2
plhorain,2
hoctrhedi,2
steeodi,2
ostedei,2
trhede,2
šedaiin,2
treodarodi,2
hctrhd,2
heolhal,2
hotrše,2
ooeor,2
kosthal,2
alplhdi,2
stamdam,2
plolairi,2
iplheddi,2
stešed,2
otreodair,2
orhsei,2
sairom,2
lhedr,2
prodal,2
olplhesd,2
oplheddl,2
ostairo,2
csthddl,2
staiišdi,2
istedor,2
alstair,2
olord,2
stard,2
hdos,2
stalhedi,2
oplaiim,2
lstlor,2
oltrhdi,2
koplhsd,2
staraim,2
otrlei,2
rostaix,2
hoplhdi,2
lplaim,2
heotrdain,2
aiistam,2
koestei,2
trholstain,2
plaradam,2
prhediplain,2
sthdaldi,2
oeeodr,2
koplar,2
šeodes,2
šeoe,2
arxor,2
esi,2
koplheoain,2
orsthdi,2
otraiilodi,2
otredo,2
oeoar,2
trdol,2
oplairam,2
ihtraiis,2
aiihi,2
hsd,2
doe,2
staišd,2
didaim,2
šoepri,2
ostšed,2
šedhi,2
otršes,2
rod,2
orheos,2
orsthsd,2
hees,2
plorarhi,2
kotredo,2
hocplhol,2
koheo,2
plšoair,2
lstešedi,2
kotrosti,2
plodaroar,2
otreolhor,2
osthdam,2
lsteeodi,2
iohor,2
šeoplhi,2
kotrolhi,2
tršodair,2
olstees,2
plodšedi,2
lstehor,2
otrhodar,2
hsthedaram,2
istarain,2
rarolhl,2
aiiri,2
išar,2
aiisti,2
ploral,2
oltreedi,2
koplhes,2
kotredari,2
astair,2
trheoršo,2
plšeodalo,2
dlhi,2
šotrhei,2
iheool,2
hdaldi,2
lplain,2
astar,2
healol,2
otraiistam,2
išedal,2
hdalstair,2
sotrhdain,2
iheoar,2
als,2
štrši,2
hll,2
lg,2
salo,2
hcsthol,2
kctrhhi,2
ostidi,2
sosar,2
daar,2
dhedain,2
kestor,2
lori,2
hotrhdi,2
plhodar,2
hosteei,2
hosthain,2
dš,2
ss,2
ior,2
troedi,2
šcsthdi,2
šoar,2
hostan,2
istodi,2
isteodar,2
htror,2
itrhos,2
seoar,2
oeeos,2
dhir,2
cplhodi,2
oldor,2
alaiin,2
dolar,2
plhi,2
otrorhi,2
hodei,2
ctrhols,2
oplidi,2
cplho,2
šestol,2
kotrod,2
tršeodi,2
šetrhi,2
ihoctrhi,2
otršo,2
holol,2
hetr,2
dhodain,2
koho,2
kosteom,2
ostolor,2
htreor,2
kotrodain,2
iostei,2
arod,2
hosteor,2
kotrhod,2
oiši,2
heotrol,2
trhodar,2
osthom,2
hctrh,2
ostodain,2
proar,2
šestšei,2
šdain,2
dše,2
itrši,2
kodhi,2
dplhi,2
trorhi,2
plodaiir,2
sdain,2
id,2
cs,2
osthoi,2
stooiin,2
šitrhi,2
ctrh,2
oltrhi,2
kooiin,2
kosthodi,2
troiin,2
hostho,2
oho,2
stali,2
trostar,2
koprair,2
istaiir,2
sthoi,2
šepl,2
hesteodi,2
hsthean,2
hosar,2
prhodain,2
daiinihei,2
shain,2
kotroei,2
odaiir,2
daral,2
otrolhei,2
kocplhi,2
hetrodi,2
ddor,2
osthan,2
otrh,2
olsi,2
holols,2
ololdi,2
oltrei,2
amg,2
dardi,2
oprhar,2
otrhain,2
ostšor,2
itroldi,2
stoldal,2
šoplhi,2
osthal,2
stom,2
hotrols,2
stšor,2
ctrheod,2
koctrhol,2
otrasti,2
plhodol,2
ctrhodal,2
dolhei,2
sthar,2
otršol,2
dihol,2
ošor,2
doldain,2
ihesthi,2
otrhdal,2
dhal,2
cplhoi,2
are,2
darain,2
stos,2
šoši,2
šoi,2
sthom,2
stostain,2
hoprhi,2
stees,2
hotršol,2
dhodi,2
ctrhori,2
histei,2
htrodi,2
olaiir,2
šeocsthi,2
plodi,2
kestar,2
ististain,2
ditrhi,2
istši,2
dididi,2
hostšor,2
disthi,2
deol,2
hctrhodi,2
hidi,2
oeplhol,2
hocsthdi,2
octrhos,2
olcplhi,2
istoain,2
hesteol,2
hodair,2
šcplhi,2
kostom,2
itrho,2
sthos,2
ctrholotrol,2
doroiin,2
plho,2
šese,2
prholdi,2
tro,2
dairo,2
alg,2
didar,2
daiinšol,2
heprhi,2
ostid,2
koprhi,2
trošeo,2
šeoctrhi,2
kodor,2
ds,2
itroi,2
plidain,2
cplholdi,2
seor,2
trhdain,2
olhdain,2
otrald,2
shi,2
kotrees,2
sthosthi,2
trhain,2
cprhar,2
otroain,2
hodo,2
daršol,2
ihodi,2
hosto,2
daiinidain,2
hidain,2
holar,2
otreom,2
heplhei,2
otreoali,2
salol,2
alols,2
heprain,2
trodar,2
steoi,2
oleol,2
odan,2
hoctri,2
hoor,2
csti,2
ostalhal,2
hohor,2
dairl,2
oir,2
soši,2
trod,2
iol,2
otraiplhi,2
ctrhoiin,2
kosthod,2
dho,2
dhog,2
hostali,2
trhols,2
itršo,2
ctrol,2
ctrhs,2
iplar,2
iplal,2
salal,2
oreei,2
alos,2
heocsthei,2
hodol,2
šeoltrei,2
sidi,2
troldi,2
odol,2
kohol,2
alis,2
odaiin,2
sšor,2
hested,2
ploldi,2
itršedi,2
ipror,2
hordi,2
trdain,2
kostorar,2
ctrhid,2
daiinol,2
dšodi,2
trholol,2
oprhor,2
kotro,2
hopl,2
kostheor,2
hotrom,2
išol,2
šotr,2
dhcsthi,2
ohesti,2
ocsthodi,2
arin,2
heostal,2
hoei,2
heorol,2
darali,2
iprolain,2
šeocsthei,2
itreoldi,2
idar,2
hsteodi,2
heodor,2
seei,2
eei,2
deor,2
oran,2
oheos,2
orei,2
kstol,2
osthoda,2
cprheol,2
ostols,2
troheo,2
ostoain,2
aini,2
isteho,2
koestol,2
koprain,2
eplain,2
ostarain,2
ostesi,2
šsdi,2
tršeor,2
olees,2
heitrei,2
šostol,2
olsthdi,2
istaipli,2
otrardi,2
troli,2
otrorain,2
osteoldi,2
ostolain,2
heis,2
hesteo,2
ostheor,2
hso,2
ostolar,2
isths,2
orari,2
iprain,2
oheol,2
hoisthi,2
ostedali,2
ili,2
ostsedi,2
kosteodal,2
šeodali,2
atrei,2
ostadi,2
otrohedi,2
otrhosti,2
hedali,2
osteodali,2
šoplho,2
osteosar,2
otraraldi,2
otrhoši,2
otreistei,2
otrolam,2
hem,2
šhei,2
osar,2
otreas,2
otreoei,2
ploldšedi,1
olstori,1
kotrolol,1
olorol,1
korhedi,1
ihecsthei,1
trediol,1
lšecsthedi,1
plšdi,1
olstšei,1
istail,1
ctrher,1
rastain,1
trolstei,1
ostilor,1
dstei,1
odhei,1
otralšdi,1
išes,1
oršedi,1
oltršsei,1
šeplšei,1
otrhsdi,1
šecsthdi,1
dag,1
ieprain,1
kostoin,1
idaral,1
dariri,1
kocsedi,1
šcsthiosteor,1
lhecsthedi,1
kostalisolstain,1
ldiotrei,1
kostalctrhol,1
sšol,1
dairhei,1
stolhdi,1
kodhed,1
olqo,1
hecstho,1
lolol,1
raitri,1
rolhei,1
lsorain,1
plosalši,1
rolšei,1
koesedi,1
šeerl,1
ršeal,1
osthhi,1
treoiin,1
ostairadi,1
sororl,1
olsto,1
sostoli,1
dolol,1
opršdi,1
lšl,1
eses,1
oeedi,1
oroiri,1
ihectrhi,1
ohedar,1
plarodi,1
ostais,1
kctrhdis,1
kostesdi,1
lhctrhi,1
olstšdi,1
oplhali,1
koprhdal,1
lstodol,1
opla,1
storols,1
scsedi,1
otredor,1
koisti,1
hplhedi,1
ralhl,1
treitreg,1
dotrei,1
heolhdi,1
kolsteei,1
cplhdor,1
lšetral,1
oestedi,1
otredei,1
šctrhedi,1
plolšdal,1
otredair,1
oplšedal,1
plshedal,1
tršeostedi,1
ošeplols,1
hedhei,1
loiim,1
olhedr,1
oplalšedi,1
prham,1
hcsthid,1
hlaiin,1
sher,1
alaldi,1
ršed,1
lsan,1
šestaiin,1
šetrs,1
sastain,1
hhsti,1
lolsaiin,1
trostol,1
otrdal,1
kotreitriqosti,1
koctrhes,1
ršeol,1
trolšeol,1
ršedar,1
oinali,1
ostarali,1
kolstšei,1
olhecsthi,1
ditrari,1
lgl,1
trhdarol,1
šeitrhdi,1
olhesi,1
aindar,1
kostalš,1
olšalsi,1
lorain,1
kprol,1
ksain,1
dim,1
daltredi,1
rheold,1
dalhcsthi,1
olsteir,1
ostoosti,1
otrdi,1
cprhdorol,1
cseol,1
šedol,1
dostedi,1
rsthdi,1
solstes,1
olostar,1
šstol,1
trolši,1
storol,1
hel,1
iprhedi,1
lolor,1
trolostedi,1
lsteoldi,1
idairol,1
ihcsthi,1
daisoldi,1
issthi,1
dostal,1
rstal,1
kopldidain,1
hetras,1
olhedidain,1
rddl,1
lhdicsedi,1
odidhedi,1
stedsol,1
oheain,1
kostisšedi,1
traral,1
kostalisor,1
olštri,1
oloin,1
kostaliqostar,1
lšdiqo,1
odhedi,1
kolšdi,1
šostšdi,1
kostainor,1
kolol,1
kostalom,1
šedistain,1
ldsain,1
koqostei,1
dlšedi,1
šeolo,1
haror,1
plostain,1
olšes,1
stolstedi,1
kolsthi,1
oqosti,1
kesti,1
lmil,1
doiis,1
oloi,1
oplšed,1
istcsedi,1
oploli,1
shcsthi,1
iqostain,1
plhcprhdi,1
trori,1
kotrhsdi,1
otraiin,1
shdi,1
plalhd,1
oqoprhedi,1
oproli,1
iqor,1
kostolhedi,1
ksolstedi,1
isthdar,1
arili,1
olcsedi,1
osi,1
itril,1
doledi,1
dolprhedi,1
šectrihi,1
plolšol,1
strolplhi,1
traldain,1
rorhei,1
koplalor,1
kotrlolstal,1
hedir,1
kostopli,1
olploisthi,1
korar,1
irhei,1
ploltrešol,1
stolšd,1
koster,1
trhctrhi,1
ilhdi,1
plolšdi,1
ololhei,1
ololari,1
ostarhi,1
ploldasti,1
htrair,1
hectrhedi,1
kotraldi,1
kostalol,1
olstšedi,1
rolstedi,1
plhedas,1
šedas,1
šedalosthdi,1
ostail,1
lšeg,1
lldar,1
salhed,1
kolhdi,1
haloli,1
kostaoi,1
troctrhei,1
heolstain,1
dalšal,1
otrehd,1
lols,1
oqo,1
kotrals,1
oišei,1
olohi,1
sosoral,1
oleoeder,1
olstedal,1
orhedal,1
ketredi,1
kodistei,1
traiin,1
iri,1
hši,1
darhedal,1
kedei,1
dasi,1
estedi,1
steoli,1
darori,1
dalohei,1
lprol,1
solsthedi,1
rhed,1
troldal,1
rolhedi,1
socsthei,1
ldhei,1
otroin,1
ošitred,1
ostilsti,1
dšolid,1
lstedei,1
istecsei,1
isteda,1
lhplhdi,1
salšctrhdi,1
ršdi,1
sšsthdi,1
dcsedi,1
koldi,1
lhedal,1
htreditrar,1
kesthi,1
išhei,1
trhd,1
hehol,1
osthdldlo,1
daraloisthi,1
dhedali,1
otrasodloriorori,1
tršedor,1
sostol,1
kostededi,1
dhcsthedi,1
alori,1
trhdoltrdi,1
kostihdi,1
khedi,1
loroin,1
aol,1
daiil,1
olste,1
trali,1
ololdal,1
hhtri,1
dalsti,1
iolšei,1
itres,1
drol,1
hprain,1
oplali,1
stotrali,1
plotrhostar,1
hcprhdi,1
oplšdi,1
kolpl,1
hcplhdi,1
oplšei,1
koprši,1
kotrddiar,1
hstarol,1
kotredšedi,1
kctrhed,1
hcsthed,1
kolair,1
hestear,1
hcsth,1
kostaloro,1
alhdi,1
kosthsdi,1
oleed,1
dalšedi,1
alolor,1
kaloin,1
llaiiri,1
kostalhei,1
lšctrhi,1
ilain,1
darhei,1
heolhei,1
koolstal,1
šlhes,1
osteolor,1
tralor,1
osteir,1
plolalhdi,1
hplšedi,1
kosthdil,1
lš,1
ploledaran,1
stolpli,1
loral,1
kstor,1
hedil,1
solšei,1
ostedalor,1
htrorol,1
saroldal,1
oplcsedi,1
heplol,1
šetrar,1
hedhi,1
solšed,1
šectrhedhi,1
hecplhedi,1
šedstedi,1
kopršdi,1
sstal,1
csecsthdi,1
cstol,1
saltredi,1
kplhedi,1
lhcplhedi,1
hldain,1
healror,1
shetri,1
šocplhedi,1
soldi,1
heetri,1
shedair,1
šectrhedi,1
olsali,1
kostilddi,1
stesd,1
sairn,1
trehedi,1
dolšed,1
dairidi,1
kotril,1
sstar,1
darolsi,1
solhstal,1
ldalor,1
rtrain,1
stariostei,1
lisšeol,1
hedistar,1
halorhei,1
dacsthi,1
lstamoistei,1
heicsthei,1
olstidar,1
kostšdiitrain,1
kotrardidšecsthi,1
loqostedi,1
hdišei,1
oliqostedi,1
hestam,1
sšecsthi,1
olišei,1
kostediqostedi,1
steši,1
diolšedi,1
steolisain,1
hedisol,1
lhšostain,1
hiotršedi,1
lšedaridal,1
šalši,1
kolotrain,1
kostišei,1
loidain,1
oqestain,1
kcsthsi,1
orišeor,1
kostalsšei,1
kolstarisain,1
kolidar,1
adi,1
pldalšor,1
štrol,1
plšar,1
ostaldidar,1
sorol,1
ihtri,1
daini,1
darhdar,1
otrolaiino,1
olsths,1
otrorst,1
darair,1
dilhes,1
soltredi,1
sosthei,1
olaiini,1
lprheol,1
kolhi,1
kotrari,1
healor,1
oiiin,1
dolhl,1
treolain,1
kistain,1
hlr,1
dhe,1
keplhedi,1
lhear,1
sls,1
hlhplšei,1
saiirol,1
dotredi,1
trorain,1
išealdi,1
šeds,1
iosti,1
otrehis,1
plšorol,1
solor,1
šeisti,1
sctrhei,1
ostaos,1
dalsteei,1
eprhedi,1
koprhei,1
olstl,1
hitrei,1
oltršedi,1
hestes,1
plolstei,1
orstar,1
šecplhhdi,1
kosthed,1
otrhotror,1
oaan,1
plistedi,1
splhi,1
lhecsthei,1
lolstedi,1
esei,1
iheolst,1
dhostol,1
kolstešdi,1
lšcsthi,1
šedaldi,1
kostedidi,1
olstešei,1
oltral,1
iorali,1
pldol,1
koplolstain,1
octrhor,1
koplheololtroiin,1
daršei,1
distši,1
olotrhedi,1
kolr,1
kostehcsthi,1
heoltrain,1
saltrar,1
solsti,1
šsteol,1
dai,1
shctrhi,1
dalhed,1
eplhei,1
las,1
eesal,1
oplhesti,1
plheolstal,1
ctrhctrhei,1
šeplhedi,1
storoiin,1
kostadi,1
ltralor,1
kostail,1
alšes,1
trorolšsdi,1
iheitral,1
kostolstain,1
lolom,1
plolhi,1
epraloir,1
ilor,1
ostlor,1
ostaini,1
tralstl,1
trl,1
kostlhei,1
otrlol,1
plhdoiin,1
oltrhei,1
kostamdi,1
alhed,1
hdei,1
oeodain,1
solhd,1
heodalol,1
trhodls,1
heool,1
koesti,1
isthedor,1
plolhehi,1
otreoi,1
hotrhs,1
hetra,1
koehdi,1
hatrain,1
lheolšedi,1
daindl,1
trolstšei,1
dadam,1
ihehi,1
otrsthedi,1
holsthi,1
dheoi,1
kostaiin,1
otrheohi,1
hplheor,1
holstšedi,1
išor,1
khor,1
heitral,1
dairar,1
hocsthedi,1
orhctrhi,1
hohs,1
plhoror,1
hplhs,1
lsair,1
sthe,1
heostheo,1
haim,1
iheorain,1
heocplhi,1
aiinro,1
cprheo,1
arals,1
etrar,1
arair,1
olho,1
plšeodar,1
kotrhedar,1
ostaiprhhi,1
troplain,1
kostheodain,1
plosairi,1
šoeprhei,1
orodam,1
roiir,1
lsths,1
rais,1
orhedi,1
lsteda,1
otredhei,1
koeda,1
kotreodain,1
keal,1
kaal,1
kostšed,1
olaiin,1
aisthi,1
šeotram,1
dhedšei,1
šeostaim,1
otrean,1
kosteodor,1
loedi,1
lstaim,1
lstaiim,1
stidedi,1
steoctrhedi,1
sšeol,1
ainaiim,1
sošeor,1
sooiin,1
šectrh,1
oiiei,1
heditredain,1
koirain,1
kairain,1
šsteiqosteain,1
heda,1
olainar,1
tredir,1
lprhediplhal,1
lheolsteol,1
otreoin,1
llainal,1
kostel,1
lstamam,1
steeitred,1
hecsthedar,1
osteesei,1
hemi,1
lhedisteor,1
stel,1
healsteil,1
plolsteo,1
plolsteošei,1
hlstar,1
šsteistain,1
alolšei,1
hctrhidain,1
otredein,1
arainal,1
staitrhi,1
aralor,1
starctrhi,1
alstedain,1
astei,1
aldm,1
šeosthei,1
raiinol,1
alsar,1
otraiinal,1
deal,1
hodeal,1
dlain,1
plororain,1
plarorain,1
kolees,1
tranal,1
kosteoi,1
plolšedain,1
hosteon,1
dainalal,1
otralis,1
kotrediotram,1
hedirl,1
dšeditredi,1
leei,1
šeiqol,1
harais,1
olheir,1
kotrad,1
oploloiin,1
ketrdain,1
isteohodi,1
istheodain,1
otrhd,1
oled,1
kosthdain,1
heoor,1
trhosos,1
kotrhs,1
olhes,1
dplhedi,1
ktram,1
išed,1
plhdarodi,1
lstehdi,1
rostedi,1
raitrhi,1
lplhdain,1
kotralhedi,1
lxor,1
xoiin,1
ralom,1
koplheddi,1
rosi,1
kotreotrhi,1
hplheod,1
rhl,1
koplham,1
lstedor,1
kosteeos,1
sthetram,1
lrali,1
hlor,1
rhedar,1
irhal,1
oplhepli,1
rolšedi,1
hddi,1
šecstei,1
lhcsthi,1
alhes,1
lham,1
tršar,1
lstedol,1
ltrhdi,1
hstaidararal,1
otrainos,1
losdi,1
llhs,1
lror,1
ihealstain,1
dheodl,1
prhedol,1
kotroetrhi,1
hoiplhi,1
koplhir,1
kotrhdal,1
otrotrar,1
rhos,1
isthedain,1
holaiim,1
treodear,1
oplasi,1
olplair,1
treodeor,1
oplariolplairodi,1
hostedal,1
ketram,1
kestam,1
treodei,1
treidei,1
arail,1
dir,1
dirain,1
saitrhi,1
sactrhi,1
csedli,1
lhedli,1
halrain,1
lstealšedi,1
heilor,1
alharain,1
otreoral,1
oqostedi,1
hedl,1
hedlal,1
oolals,1
oalals,1
olsteoi,1
cseam,1
hdarar,1
ocplhedi,1
osaiin,1
tredaram,1
octrhedi,1
otreh,1
hri,1
košedi,1
hedacplhi,1
dhodes,1
ostaim,1
iheoi,1
kosteho,1
heocstai,1
otrid,1
octrheodi,1
holpror,1
otralr,1
otrodhi,1
šodor,1
kostoei,1
kotreode,1
olstehei,1
oheoitrhei,1
koctrheodi,1
isteodei,1
koeplhi,1
štrei,1
istešedi,1
hitreodi,1
otrarodi,1
dheosteodi,1
lšd,1
dšeoi,1
hestan,1
hllo,1
ostehol,1
olsteodal,1
halsteedi,1
hecsthd,1
aisam,1
heodl,1
kesteei,1
koplarain,1
aroršei,1
heoltrar,1
arodli,1
oplheocpr,1
lheei,1
holham,1
koetre,1
otrehši,1
šoda,1
alhd,1
osthehi,1
kostešedi,1
holxi,1
išoiin,1
hoplar,1
kotrir,1
orheol,1
plholor,1
alsthdi,1
opraiino,1
olsteos,1
oqocsthi,1
tršeodl,1
ostheohi,1
prolorarom,1
kostedodi,1
heisteoi,1
hsamosti,1
heior,1
prhoctrheodi,1
otrl,1
aroši,1
rhhi,1
keear,1
otresal,1
trheolhi,1
heodoiidain,1
prhešd,1
lhealaim,1
šocsthol,1
holtrar,1
hotrair,1
otršeodi,1
roral,1
prhe,1
llor,1
ostešos,1
oesti,1
itreeor,1
plihdar,1
trheplhei,1
prhoctrhar,1
ostalhed,1
kcstham,1
hplstheos,1
aitrhhr,1
hostair,1
loar,1
trostari,1
ošox,1
aš,1
ostalhdi,1
arald,1
araral,1
plolsaisi,1
lsth,1
oprhr,1
heoram,1
opraral,1
otrheiplhedi,1
ltream,1
airol,1
otroršei,1
ošeol,1
otrasteol,1
lstees,1
osteeodi,1
lsar,1
astal,1
aralstedim,1
plheolstain,1
llhedi,1
hedainal,1
hedaram,1
ostearlstedi,1
kotreoa,1
halg,1
šalm,1
šeai,1
kearain,1
stšartrar,1
amd,1
lhdaltredi,1
traramd,1
gm,1
laldm,1
lls,1
praraiinam,1
saiinar,1
kohdain,1
šeistain,1
kotrainar,1
ostalhei,1
alhedar,1
plolanar,1
ltrhs,1
alplhdar,1
heistalstedi,1
ltrhsalplhdar,1
kostlheor,1
korhain,1
hein,1
haran,1
išeal,1
išail,1
oairain,1
lstaini,1
šalstl,1
alolain,1
koplhais,1
plollain,1
koplhair,1
kotrainali,1
heitrain,1
plsalar,1
asthedi,1
trhedol,1
doiros,1
itreed,1
dedar,1
kotreddi,1
steed,1
lsteedam,1
prdehdi,1
ohedal,1
dhdas,1
edol,1
dsths,1
osthedain,1
otrairar,1
oprhedaiis,1
dheod,1
hdairod,1
orold,1
hdodain,1
koedei,1
hedalos,1
stolsti,1
trolplhi,1
hocprhdi,1
oplailo,1
isthešd,1
lair,1
otrhedair,1
solplhd,1
opldairodi,1
opldaildo,1
kostolsthdi,1
hdair,1
hestor,1
octrhd,1
lheos,1
heodeei,1
daildain,1
plairodi,1
oprhedain,1
lhedo,1
dstair,1
trhedair,1
kopledi,1
hdipldain,1
kostairolhdi,1
rodedi,1
kcplhhedi,1
orheo,1
trhedain,1
hpleei,1
cplhohi,1
hoplo,1
oaiil,1
kostodain,1
aii,1
airi,1
olstaiir,1
airoi,1
stsam,1
plhedairs,1
oeail,1
kostedair,1
tredair,1
aiisaim,1
hhesti,1
heodei,1
stededi,1
lstede,1
trheodain,1
otralstain,1
šestas,1
itrhed,1
aisthdi,1
heoltrhedain,1
oedair,1
ketrhar,1
oqotroiin,1
oqoeosain,1
ploedair,1
heopli,1
koploiin,1
keoodain,1
iplheei,1
saraisl,1
iei,1
kodos,1
kodan,1
itreeodi,1
aiisocsthi,1
šedeei,1
olplšedi,1
aiirodi,1
oesal,1
oeolhi,1
sairioredaiindi,1
pldar,1
otrheos,1
prhosain,1
plolsteei,1
diain,1
iaiir,1
stesoar,1
dlls,1
šeolstei,1
otreeos,1
osteddl,1
šeosted,1
aiirol,1
klsti,1
dsehei,1
daiindi,1
osteitredi,1
aiiral,1
olprain,1
hestaim,1
olsthostedi,1
oplail,1
dhes,1
aeodei,1
heprhei,1
hplaiistei,1
heodstedi,1
dectrhdi,1
daiils,1
airols,1
iqoplhi,1
raiis,1
plhsed,1
šepri,1
odeain,1
oledar,1
aiildi,1
kostolsti,1
heolstari,1
stodei,1
šx,1
cplhesi,1
prhosti,1
iheohi,1
osteodair,1
treoltredi,1
otrostal,1
istl,1
oprori,1
otroiis,1
plhesprhi,1
plhessthi,1
alog,1
hdo,1
alhl,1
histeor,1
heoarsteol,1
šisteor,1
dhosain,1
kotreoor,1
otrom,1
kotreoar,1
liram,1
laram,1
prolhor,1
plolhor,1
plheoor,1
ihal,1
cplhoitrhi,1
kosteoar,1
lohor,1
stin,1
heeo,1
otriin,1
heerain,1
išs,1
išsšeo,1
rhdi,1
plheocsthi,1
kopršeei,1
koploei,1
plostei,1
trarar,1
hhei,1
ctrharad,1
traram,1
koes,1
šolstehi,1
cseod,1
trhodairos,1
htraiir,1
orim,1
trhoarorši,1
šeolsthi,1
ralhs,1
loari,1
itrehiplhi,1
ilšei,1
išdal,1
hcplhhdi,1
dalosti,1
plešol,1
išdain,1
him,1
hdarol,1
ploharal,1
rstar,1
ostdi,1
kostealdi,1
daroal,1
koisol,1
adhei,1
oprho,1
ltreodi,1
ledi,1
ostedaram,1
treolši,1
daisthisti,1
stasol,1
šolstar,1
sedain,1
šeprhedi,1
kostalšedi,1
lstldi,1
plheam,1
dalši,1
šcsthodi,1
koodain,1
lotros,1
dešedi,1
dalstain,1
kostehhi,1
plholsthdi,1
otreistši,1
šhdi,1
hehi,1
kotrail,1
sedi,1
hedalain,1
lheg,1
ostool,1
kosteodair,1
hssti,1
lostain,1
lotrar,1
šetršo,1
heolši,1
halal,1
ostešedi,1
hedan,1
olorain,1
kotrolain,1
oplhealol,1
leesain,1
heosain,1
šeolor,1
šeolar,1
deoltredi,1
otrosteo,1
daiinar,1
ostirolci,1
traršor,1
ostirolei,1
trheolstain,1
estar,1
isteoll,1
loraiir,1
plolhls,1
plolhlsain,1
aralam,1
otraiinam,1
aiplhi,1
oplolstain,1
iplaiinal,1
lstaiinain,1
alhsti,1
ostilheol,1
plhod,1
lstaiin,1
olpri,1
plalalhsti,1
kosteostair,1
plhodlstaiin,1
olpli,1
aiisod,1
aiirom,1
istalstal,1
olsteolsteo,1
aiisthedi,1
aiicsthedi,1
ralsti,1
rolsti,1
aro,1
ploaral,1
ploaralorar,1
actrhi,1
trodsti,1
plodsti,1
oiinal,1
praiiral,1
prairal,1
aiprhi,1
raitrhtri,1
actrhtri,1
traimi,1
looin,1
lšeo,1
lšeoain,1
heplarain,1
šeolšodi,1
šeas,1
orainstarain,1
šearam,1
otralhdi,1
olstealsthedi,1
stheoistar,1
kedain,1
salor,1
hoepri,1
hoepli,1
šdistairi,1
šdistairilam,1
ostaiprhi,1
salšedi,1
ostacprhi,1
oarar,1
oinisarx,1
oiinisarx,1
trolos,1
plolos,1
heidihi,1
heoaiir,1
kosthstei,1
kotrhstei,1
heistar,1
isoir,1
isair,1
aindi,1
hstaiinol,1
olprhei,1
ostedasti,1
halr,1
lstes,1
hedidi,1
šorhdi,1
kosteši,1
olldi,1
olsteši,1
oplalam,1
trhedal,1
išear,1
oqain,1
larorol,1
halstar,1
lhealain,1
šaisthhi,1
olan,1
osteilhedi,1
lplar,1
otrarili,1
prhedei,1
oqostei,1
kcsthhi,1
olaini,1
šdplhi,1
kosteše,1
lšeost,1
kcplhhi,1
plolšor,1
steolšei,1
lharar,1
ras,1
hsali,1
kosteori,1
hodalr,1
kocplhdi,1
otrdadi,1
hoddi,1
heoctrhedi,1
kotredol,1
tredheo,1
keploepli,1
itredšedi,1
hedsti,1
plhedhdi,1
kocsthed,1
olhedain,1
heplhed,1
hctri,1
iom,1
tršeodar,1
oprheds,1
ohedain,1
šeoal,1
dorsthesti,1
hoiplšedi,1
šxam,1
ošsodain,1
tršedain,1
koprhdar,1
otrheodain,1
istedcsthi,1
kotrhdar,1
oltreodi,1
otroidi,1
šeoed,1
plheodal,1
heoplheod,1
kotros,1
plhdal,1
šdo,1
otrhed,1
ocplheodi,1
koplairam,1
koohi,1
heoctrhei,1
lsteali,1
olstaim,1
oedal,1
opl,1
šosto,1
alstol,1
heodaiin,1
kolehedi,1
steheosteo,1
oeoi,1
alli,1
xaralli,1
oainoi,1
otreioram,1
loeistei,1
otrediram,1
ag,1
kootrhedi,1
soararal,1
oplomdi,1
ploaralhar,1
oplamdi,1
amhd,1
aramhd,1
kairal,1
kainal,1
ostedistei,1
šarar,1
oloral,1
ploir,1
plairal,1
alstear,1
alsteor,1
hedalam,1
lšdar,1
kostararam,1
stedas,1
šsteor,1
šstear,1
kostein,1
plalstedi,1
ogom,1
plolstedi,1
išesi,1
oraritreopl,1
iostedi,1
araritreopl,1
otreg,1
kostaesteei,1
ostaehei,1
kosthesteei,1
ostoehei,1
osteeitrei,1
staisar,1
staisor,1
šeocsthedi,1
šeistedi,1
traratri,1
hosteditrain,1
šoesti,1
šaosti,1
trolstal,1
trolstol,1
oprhain,1
staolstar,1
traolstar,1
keosteodi,1
ke,1
istaiinaldi,1
trolhei,1
ostaiini,1
steeo,1
staiis,1
plolsteeo,1
staiir,1
staieh,1
staih,1
osteolsthei,1
iheosain,1
diqoi,1
otralair,1
otralairi,1
kostiam,1
heaisthi,1
heacsthi,1
oesain,1
oeisain,1
ostaraiin,1
ohos,1
trhorain,1
aiinam,1
heir,1
hieir,1
olaiinam,1
ainal,1
koieo,1
araiinol,1
iheolsteor,1
eeded,1
kotreosam,1
salain,1
raipri,1
acprhi,1
plhedšedain,1
sainar,1
kostedaiinar,1
aroiin,1
istedan,1
otrarai,1
plali,1
šesthdi,1
pramom,1
pramam,1
oplalhdi,1
eplalhdi,1
eotrar,1
oaral,1
hstas,1
ostaildi,1
ostairdi,1
ostairodi,1
otrairodi,1
oostam,1
roes,1
hcsthoda,1
rohs,1
stail,1
cplhhor,1
daiiolstain,1
plorair,1
plroair,1
stairodl,1
koesteisteodi,1
odalstl,1
alsthi,1
alpro,1
opraiis,1
aiprhhi,1
alprolprhedi,1
opraiir,1
acprhei,1
stolstair,1
oaldar,1
otrostedi,1
troroaldar,1
ostostedi,1
aiplhhei,1
koedeodi,1
kotredais,1
aplorair,1
apli,1
koedeod,1
kotredair,1
oplorairapli,1
lstldain,1
plheodair,1
orarodi,1
šolprhdi,1
leo,1
lhoram,1
ostedaim,1
osthdaim,1
plheoror,1
aiinhodar,1
kotrhorain,1
šorain,1
kotrhoraiini,1
sail,1
sailhedi,1
hearain,1
oplhoraror,1
trheosto,1
heorpror,1
trheosti,1
heorplor,1
šosteodi,1
lplheo,1
lplhei,1
lplheorolplhei,1
kotrarain,1
kotresain,1
šolprain,1
šolplain,1
aloal,1
ostšhedi,1
šedilar,1
otraras,1
hlhd,1
hlhdain,1
sthdpli,1
ktrei,1
llori,1
amom,1
istanam,1
pladar,1
ošesti,1
aralari,1
istoloin,1
rotridi,1
rtreol,1
hcplham,1
osteolšei,1
plhoetral,1
plharalor,1
plorhei,1
rpram,1
dtral,1
orhctrhdi,1
lm,1
halstei,1
šehol,1
lšalši,1
kotralši,1
ctrhan,1
ollain,1
plhallarar,1
alolprhi,1
rplhei,1
špri,1
oplhestan,1
dlr,1
heds,1
aršeg,1
iršei,1
plairain,1
šestli,1
heri,1
lheilhi,1
dlar,1
cplhan,1
siostedi,1
alei,1
šcplhhi,1
lstehi,1
hedstali,1
sistar,1
osteolan,1
lstan,1
pršdar,1
kohedain,1
heoploltreedi,1
oroiir,1
oehedi,1
kocstheos,1
oraro,1
olstehdi,1
orhedar,1
dardir,1
heocsthdi,1
osteeosain,1
horar,1
otrhedar,1
kotrotreei,1
holoro,1
koolstedi,1
airorlhi,1
cplholrori,1
hctrhed,1
kotrolhd,1
otreedhei,1
stedor,1
istehei,1
hhdi,1
darailhedi,1
oeadi,1
hšo,1
keplhei,1
osteeo,1
otrlain,1
stšeoari,1
holsthed,1
koetrar,1
llsan,1
arorohes,1
šdalsti,1
koplhedid,1
lstšo,1
olhedio,1
dšeodar,1
kosteheos,1
rhar,1
kosthar,1
lhea,1
plošeos,1
hplhar,1
koest,1
oranol,1
sorols,1
hstši,1
kotrohi,1
plaiinodi,1
oplhdain,1
kolheor,1
trheodl,1
korši,1
arolsti,1
cprheodioplheol,1
kocstho,1
dalsocsthodi,1
esthodi,1
iitrhei,1
ocsthol,1
sheictrheotrol,1
storare,1
šoprom,1
stheoršs,1
kcstheol,1
hetrisol,1
trošei,1
stodl,1
aiinosteom,1
etrhal,1
ostiitrhor,1
damor,1
hoest,1
prhecprhi,1
didheplain,1
hpldi,1
odiitreo,1
heotr,1
ieas,1
šediitrei,1
kostesd,1
kostdšcsthi,1
šcsthh,1
cplhiisthhdi,1
stodam,1
hoctrhodi,1
shoše,1
itrhodain,1
cplhodol,1
kosthodotrho,1
oqoor,1
ocsth,1
kostodisthdi,1
ostodisthodi,1
oltršo,1
ctroisteod,1
oitroid,1
ctrhees,1
dstarar,1
eecprhi,1
heprhol,1
oltredam,1
heostar,1
ihest,1
ostehosted,1
itreheol,1
actrhedi,1
hetrhei,1
prohopr,1
hopr,1
oprhori,1
sthorhor,1
etrheodi,1
šld,1
sthed,1
stodo,1
doeesm,1
shodar,1
šstolhotrhi,1
ctrhodol,1
sthrrr,1
ostedidhshisotrhdi,1
šdidhdhshsaotrhdi,1
ostšes,1
osthostši,1
tršdar,1
šdor,1
šeplhdi,1
iproldi,1
koprocsthdi,1
lprhdi,1
otrardam,1
hehdain,1
kastar,1
trhedidi,1
cplheain,1
dheain,1
ctrhaildi,1
iplhal,1
istoldam,1
kodaim,1
koctrheol,1
daiino,1
itreal,1
cstain,1
alhi,1
hodoldi,1
ctrhod,1
sooctrhsol,1
oplheain,1
šctrhal,1
sarhor,1
sihorihear,1
šoldolhean,1
šeali,1
darotrhar,1
etrain,1
ctrhanitrhi,1
stholdar,1
stšhol,1
orhlhosthi,1
sharhioesodi,1
cplharom,1
dalšear,1
ostihostain,1
steosti,1
satrar,1
lostaiinšol,1
hcstihor,1
hearotrei,1
aldidiqosti,1
daristhei,1
aralos,1
hcsthdotror,1
dasqostol,1
lostar,1
ostarostol,1
šostor,1
omolšedi,1
ostiihei,1
aimstheo,1
cprhdi,1
hepral,1
hdiihei,1
starar,1
stedei,1
kosteprci,1
heplasteo,1
kepr,1
lst,1
šeoodi,1
tršosteodi,1
šso,1
šedšei,1
išedair,1
aiictrhi,1
kotroldi,1
hopldain,1
osho,1
kosthon,1
hon,1
ditrori,1
isthon,1
iostor,1
trom,1
dotrodi,1
sotroiin,1
cplhorods,1
sosthor,1
oitrei,1
ihocstaei,1
ošctrho,1
praiis,1
ploprohei,1
prolhol,1
pršodhi,1
ssoain,1
horali,1
kodcsthi,1
dham,1
cplhom,1
docsthi,1
kocsthor,1
ohoisti,1
istheodi,1
kotrea,1
oplod,1
oc,1
hstodal,1
stodiodam,1
ictrhodain,1
plhair,1
had,1
hostolg,1
prolr,1
shesi,1
htrhipr,1
ctrham,1
plošol,1
šorplhor,1
šorsthi,1
dšodhor,1
hotrši,1
dodar,1
ššes,1
šeotri,1
kolsor,1
horoiin,1
hotrheol,1
sod,1
ctrhodd,1
šoqosti,1
hosori,1
dheei,1
kotrhotrhi,1
steolhei,1
orin,1
odhi,1
tršeos,1
daimm,1
kotrham,1
koheor,1
hololi,1
šeoldam,1
idas,1
ostadain,1
koshodam,1
tršeoarom,1
olhsi,1
otrhomoplorar,1
estši,1
daiinsoleg,1
soeom,1
plheoldom,1
kotriotrolom,1
kosaiinhor,1
hcplhol,1
hocplhor,1
ctrhodaiis,1
esehor,1
hohar,1
cplheodor,1
disarg,1
stholi,1
šoloiin,1
kosteil,1
koestar,1
cstheei,1
heostor,1
šotrhdi,1
prardam,1
olrain,1
olhesti,1
ostedid,1
stedair,1
daisam,1
itršeod,1
šeši,1
ehedi,1
sthdiotrain,1
oloediisteod,1
ctrhsctrhain,1
ctrholdi,1
hotrhol,1
htroitrhi,1
cplhoain,1
sthidi,1
hocprhhg,1
oplom,1
oplšodi,1
ocplhorain,1
ostostom,1
idals,1
octrhol,1
odhes,1
oeseares,1
dlos,1
trohol,1
cprarasr,1
daid,1
stohsti,1
horom,1
ostoeos,1
cstheod,1
kodom,1
kosth,1
ostosthal,1
otrolodal,1
hestdam,1
ohdi,1
odaiim,1
hšd,1
cplhhopri,1
prsei,1
heplain,1
opri,1
hcstši,1
dold,1
trohedi,1
šcsthdhi,1
ordi,1
ostalheg,1
oplhestain,1
šocsthhi,1
šdalo,1
eesain,1
dairom,1
kocsthdi,1
sisti,1
kostaldar,1
trolhdain,1
hestl,1
dld,1
ador,1
oprheprar,1
holstalqostal,1
istdi,1
hhotri,1
ctrhordhor,1
došos,1
octri,1
hostši,1
daiinqostaiin,1
hoetrihotri,1
stodidain,1
kostše,1
ihom,1
diplhi,1
dhm,1
šorodo,1
oldiosthor,1
šohi,1
stccstis,1
istoliosthal,1
sotrhi,1
ostorori,1
plhaprdan,1
hcprhal,1
kooldi,1
gain,1
dolsain,1
koiplhol,1
romcihi,1
prhom,1
sorhi,1
sihitraroiin,1
istaiin,1
andan,1
osthiitrororisold,1
itrodali,1
otraro,1
šolshol,1
dandain,1
hotrodi,1
holdl,1
diodaiilisthi,1
dd,1
hetrans,1
ariostol,1
osteostear,1
heotrharsisain,1
dhestesši,1
plošeor,1
kostodšo,1
heaiinctrhi,1
trhen,1
treain,1
otreaiinhsthi,1
hectrhhi,1
daiinhostei,1
etrses,1
holisarar,1
olsthdal,1
oplarairdli,1
otrardali,1
otrodarod,1
soeos,1
vs,1
socprhes,1
depro,1
pro,1
rstedam,1
oprol,1
ddal,1
dstals,1
prhho,1
šsteal,1
didas,1
oldrvxststprtrricoldrvxstmprtrricoldrvxststpltrricoldrvxststpltrricrn,1
osthod,1
dstedar,1
opr,1
aros,1
ehtri,1
doedal,1
vo,1
tredas,1
otril,1
otrodar,1
xsl,1
oralaror,1
ocprhor,1
acstaldi,1
olals,1
šiho,1
ctrholditrhor,1
traiins,1
ctrosšotr,1
trohon,1
šotrihšiši,1
ctrhoddarhsšodi,1
dišdiho,1
dainhctrhhi,1
hoisthnoain,1
hoctrhhidhistar,1
octrhidarhitrotrodi,1
kesteohor,1
plhoiin,1
istholi,1
tršoiin,1
šotrco,1
hihtrši,1
dainisthidain,1
tridlo,1
sarišor,1
oistei,1
troeosti,1
dior,1
heictrhod,1
iši,1
hctrhod,1
doritrol,1
daitri,1
hostoiin,1
dšoldiotrhol,1
plšoain,1
ctrhiain,1
cprhodoral,1
šarsišidal,1
hitrhi,1
histihodar,1
dalsolšo,1
hoctroi,1
hodisthi,1
dhidain,1
itrhas,1
plheodhi,1
heditri,1
iotredi,1
ctrhdiostain,1
hoolstei,1
daliosteor,1
trhddi,1
otrš,1
alhdiitredi,1
ainotral,1
heiiplhedi,1
šepreedi,1
prheodal,1
cplhheg,1
hsteiostedi,1
oldiotroli,1
ostalotrhedi,1
lolotrhdi,1
itrediisteol,1
hdiitrhedal,1
hcsthiistal,1
hedls,1
hcplain,1
has,1
hdolain,1
plhtrhdi,1
ostasor,1
olstardam,1
dhistei,1
xaloees,1
orai,1
ostad,1
otraldin,1
helal,1
ploeo,1
heopl,1
šocprhei,1
iodam,1
šsthei,1
kisteodi,1
heoosti,1
htreodi,1
tršeodal,1
doctrho,1
oproram,1
hctreiotrhod,1
ostoldm,1
csthhdiosthi,1
daiididhecsthei,1
šedaiins,1
trcprhi,1
ctrehi,1
cplhedom,1
oeocsthi,1
oprihei,1
plhoprihi,1
otrološei,1
trolhori,1
hosi,1
osteoain,1
stolisti,1
šoeor,1
prhostši,1
ocplhal,1
oplheas,1
ctrhodain,1
tršain,1
trotrhi,1
otristi,1
istea,1
išeol,1
roain,1
trhotrhor,1
co,1
trheain,1
trh,1
kosteen,1
shostei,1
šoplhei,1
kstošei,1
horohi,1
dolddhei,1
šeiitrhei,1
hald,1
lohei,1
sthosodain,1
oaiirotrain,1
stšolohei,1
kotroes,1
hstoldiotrhor,1
dšoi,1
dainšodi,1
deese,1
kosthišol,1
olhoiin,1
cplheišcsthi,1
stdhodi,1
hopli,1
trheodal,1
hostoain,1
cpli,1
heen,1
hoes,1
oholšod,1
shodain,1
prhodes,1
hostoldi,1
ohoain,1
dhod,1
ohain,1
plohain,1
hplheos,1
pli,1
kosthos,1
itrh,1
dotri,1
ihoi,1
kosths,1
osthodši,1
ies,1
otrholheain,1
prhoi,1
hstoi,1
dstši,1
csthoi,1
ostaor,1
otreen,1
koisteei,1
šotrši,1
plheoeplhi,1
iliprodi,1
ostedodi,1
olamoctrhede,1
hdalidar,1
aiinši,1
hcsthioltrhedi,1
olostes,1
aristedl,1
ollhesidain,1
prhs,1
hdiolhiisthegistedi,1
kostiolsthecsthiisair,1
kodarhctraisthiorlhei,1
trodali,1
olhcsthi,1
oliotrhdi,1
hepralas,1
staldaiinhesti,1
ctrhdaliotrhedi,1
trolqostar,1
oliostali,1
ostihodi,1
šestholhedi,1
heolhctrhi,1
plisaiinor,1
otrdisor,1
itrhiddšor,1
sthorl,1
otrhistiitrhol,1
kostisaiinodain,1
pršor,1
sostain,1
ihsti,1
hstoldi,1
šotroli,1
olšli,1
saiinhi,1
daldalol,1
trdosthcprhi,1
icplhsto,1
itrair,1
kopridain,1
sotrar,1
trhotršei,1
ostiitroldi,1
damihctrhod,1
istairitrhdam,1
otrhordiosthol,1
kocsthom,1
šodaim,1
trhom,1
dodiistei,1
dhom,1
hcsthhoplhol,1
ctrhictrhor,1
ploear,1
heoesisteor,1
otrhamiaiir,1
ctrhaiinodam,1
ctrhaiinidain,1
sstaiiodar,1
odše,1
olhad,1
staiim,1
sthedhdi,1
hcsthiotrol,1
dodid,1
oeed,1
koaiinosteodi,1
istesan,1
hediear,1
headi,1
steiprar,1
alihedi,1
istan,1
odidain,1
tralam,1
aircs,1
kolotrarho,1
tralodi,1
istasti,1
ostiitrain,1
oldiain,1
slar,1
prhi,1
odaldi,1
oldaim,1
hocsthol,1
oestor,1
ploiis,1
holdain,1
holtrain,1
oitror,1
doiiram,1
kostoiir,1
hstor,1
trhori,1
ostheol,1
otrheolom,1
koplhain,1
šolor,1
kostee,1
pldrairdi,1
darodspr,1
ioar,1
hcsthiocsthor,1
diitrhar,1
hlol,1
olodi,1
ostaldidari,1
ostšal,1
histald,1
sotrhain,1
hesthol,1
ihair,1
trold,1
itrdg,1
kostai,1
idl,1
ihoes,1
trolol,1
ddi,1
dosti,1
ista,1
prahis,1
atrain,1
ctrhres,1
siaiir,1
ctrhoari,1
ooiin,1
rolotri,1
cprhain,1
idaraiši,1
oidar,1
cprhoain,1
šodari,1
oshi,1
cplhesain,1
cplhodales,1
stšoi,1
otrairin,1
scsthei,1
cplhodaiils,1
stod,1
csteor,1
šodan,1
didid,1
daictrhi,1
stodšei,1
cplheali,1
dasain,1
csthids,1
šctrhain,1
plotrol,1
dloctra,1
tršodesi,1
plidei,1
hoo,1
ctrholdar,1
troldši,1
kopršei,1
šcsthol,1
cstholi,1
oeesoi,1
ošo,1
daitr,1
holhain,1
sthohain,1
trholdhi,1
dheodain,1
cstheodar,1
ihodain,1
istald,1
ihosar,1
ošol,1
khodal,1
koetram,1
stolotram,1
ioes,1
plhodal,1
cplheodain,1
isteoldi,1
daiitrhi,1
staiidalcplhodalr,1
aldiotral,1
plhooiin,1
doldsdlod,1
šsthor,1
heoriholdi,1
kodaiino,1
ctrheihoain,1
kotrhoiinhodain,1
cplhidi,1
olaen,1
koosto,1
iinheom,1
štrain,1
ohodi,1
horhi,1
hoplhal,1
iplh,1
ctrhoor,1
hair,1
otritrhol,1
etrid,1
htrhor,1
koctrholi,1
isthain,1
ctrhdain,1
holorhol,1
oisthor,1
dihodain,1
oqotrar,1
osainitroiin,1
rotrho,1
dotrar,1
plheocplhi,1
heplhx,1
iprhesti,1
šeoli,1
šeotreoli,1
šestšetr,1
xor,1
dalšedo,1
daloctrhhi,1
hdalor,1
xol,1
preedi,1
diprhdi,1
sths,1
staral,1
dardam,1
aloldi,1
šepldain,1
oiprhedi,1
opldaršdi,1
saiprhedi,1
trehi,1
hcstham,1
arastain,1
otršealstar,1
šolstši,1
šolstal,1
osteodopr,1
ihoopli,1
oplh,1
doršepri,1
daldeam,1
dhesti,1
itros,1
šosteši,1
stodal,1
šedepram,1
šcsthhd,1
šsoplam,1
hesteor,1
stotrodi,1
dhestcsdi,1
hpladar,1
predli,1
heosesei,1
koprhal,1
dastar,1
ostag,1
šesteod,1
istoprar,1
stara,1
hsthodi,1
ides,1
dalstalistedain,1
pldihoiin,1
iprodain,1
otriši,1
iplhor,1
itrihi,1
šostšor,1
darodi,1
diotrids,1
dhid,1
oistši,1
odid,1
daiinostšodi,1
daiindol,1
ctrholdgdhcsthi,1
ploliši,1
tršododi,1
ctrhd,1
hotreen,1
hoshi,1
dees,1
ostšolšol,1
ostšodeen,1
šotrhodol,1
kotreeo,1
rho,1
treiosthor,1
didol,1
plhrain,1
hplhol,1
hplhei,1
plhoctri,1
kosthoctrhor,1
stošetr,1
cplhod,1
hiplhi,1
šolo,1
ostitrain,1
sostar,1
oaorar,1
ipldi,1
trohsi,1
itrasr,1
saim,1
ostalšdi,1
hdodi,1
šcsthepri,1
distalidain,1
aiirhar,1
šediqostaldi,1
ostedhsi,1
hetredar,1
aicsti,1
hocplheod,1
stoair,1
htroiin,1
proldain,1
kotriddairo,1
kosthoridhi,1
stosti,1
daiinšoin,1
istolosthi,1
ostald,1
trhtrod,1
tralšo,1
ša,1
olitrol,1
sees,1
heistam,1
en,1
ieear,1
cprham,1
osta,1
itrhear,1
ctrhodoali,1
kostšol,1
šocstho,1
oš,1
stham,1
itream,1
ploldhodi,1
šordi,1
kotrišol,1
damisthi,1
kosthdosti,1
hololer,1
kostictrho,1
tran,1
soidi,1
ddictrhor,1
arg,1
shold,1
stoar,1
ohestar,1
haplhi,1
koesthar,1
heas,1
oohocsthi,1
hesthoi,1
ostolrihos,1
ostodiitrodi,1
cše,1
hodam,1
doldom,1
šoctrhol,1
ihos,1
kosthe,1
iodain,1
trhalodi,1
haiir,1
ctrhodam,1
oholi,1
holdar,1
octrham,1
plodairol,1
odaiili,1
šoaldi,1
kotreotror,1
osthaprdi,1
dolotrhol,1
otrhm,1
osteordain,1
kotrholm,1
šolol,1
oldalotrhor,1
mar,1
oaldari,1
šstši,1
daiinotršor,1
daiinsol,1
ilg,1
damhor,1
orqotro,1
oloiir,1
olols,1
olaiior,1
oloro,1
eeoli,1
plšeosti,1
koioprseod,1
hiplhei,1
ainhoprohcplhdi,1
adeodiistectrhhi,1
dihectrhedi,1
etreda,1
oloiistedi,1
gali,1
kostediitredi,1
hestedidain,1
shidain,1
ctrhediqostedi,1
iplhseds,1
saiinšaplhediprei,1
sas,1
sostolotredi,1
gedi,1
sdidiistehi,1
plidhdom,1
opliain,1
iprhi,1
hstdain,1
lolhor,1
daing,1
istaiil,1
oprhol,1
iprhor,1
olprhor,1
otrhald,1
itrom,1
daiidal,1
ldals,1
sdil,1
didal,1
olidain,1
sitreair,1
istista,1
dalori,1
ctrhoo,1
dainl,1
dainor,1
rn,1
šheain,1
daldair,1
stoldihetrhain,1
lodaliotrei,1
hin,1
daiinotrhol,1
hiqo,1
didhar,1
hastod,1
šorhotrhi,1
sthoror,1
hodaiinšo,1
otrholhi,1
daiinho,1
otroldidšor,1
oshotršl,1
deain,1
hordair,1
kotrihor,1
hodainhctrhi,1
hcsthois,1
htridain,1
hosteoshes,1
hostoiše,1
dolodi,1
pldair,1
prdistain,1
šeistaiin,1
ošdi,1
ostaiiprhodi,1
itredistor,1
šorqoi,1
csthcprhhi,1
plardi,1
oraliolaiir,1
oestar,1
aldšest,1
idamšodi,1
prhorqostain,1
olhepr,1
hlistedi,1
amostar,1
ostedilhdi,1
daiini,1
isthsheg,1
rals,1
dara,1
istcol,1
sili,1
salpr,1
prari,1
daoli,1
kolsa,1
pldain,1
hapl,1
šddi,1
iplher,1
holplhd,1
ostedals,1
istšedi,1
hcprheor,1
stodari,1
hoesthi,1
hctrho,1
rotrain,1
trocplhei,1
istodas,1
šsta,1
šestair,1
kohesti,1
hctra,1
šostaiir,1
dasd,1
hedair,1
stardi,1
ltrar,1
axor,1
plhopr,1
šolprosdain,1
prhedis,1
opraram,1
dalheesti,1
istešeo,1
heil,1
hxar,1
prhdar,1
šesteodi,1
šoprol,1
itrarodi,1
dos,1
sthesti,1
trodeei,1
šestepri,1
stehodi,1
kotreod,1
otreohei,1
trolhedi,1
lplhes,1
ltršoli,1
kotreoli,1
dstar,1
šestali,1
šcsthar,1
shoal,1
špridain,1
šoitri,1
soctrhodi,1
itrhosti,1
istihi,1
ded,1
dsti,1
hodl,1
stodalhi,1
hpladi,1
kotreidoiin,1
haiinshorain,1
kotraiindain,1
tridi,1
trheai,1
csthohi,1
šišol,1
kotrhoiin,1
stoheor,1
plšod,1
hotrs,1
ihoplordg,1
darhor,1
šosteol,1
dairodg,1
stshdi,1
šdidi,1
hdalhdi,1
splain,1
loes,1
stedaiin,1
dasam,1
koldar,1
lšaiir,1
distei,1
hestali,1
sear,1
iplhdain,1
išeos,1
išos,1
plšeotr,1
holšo,1
salsari,1
horidaiii,1
hsthidain,1
kotrictrhi,1
dšoli,1
sisari,1
saiindohodhol,1
dctrhi,1
heotrar,1
kotrhea,1
hotrho,1
ltrhei,1
histidhi,1
stesi,1
hestihohi,1
hdlctri,1
haiindhei,1
stheatr,1
šodšei,1
hotreei,1
troddain,1
šotrhotr,1
sosthol,1
sthsi,1
hadain,1
ololtrhei,1
itreai,1
ohidho,1
lstodi,1
ostodar,1
šidstšei,1
stotrhodi,1
damsohei,1
plotroi,1
cplhoaldar,1
ostaldolhei,1
hoee,1
ctrheiistol,1
dolo,1
stihol,1
traor,1
hodishodi,1
osthesi,1
šorhei,1
steodol,1
stem,1
kostohi,1
deei,1
dsteor,1
heoldain,1
dhorol,1
hseor,1
ctrhorhi,1
hesei,1
ostealdheo,1
kohar,1
steain,1
hctrheihor,1
kotrhihctrho,1
rhodi,1
soiinideisor,1
hsteain,1
darhorihdain,1
htrhei,1
dolršesti,1
diostiotral,1
hdiitram,1
didisticsthdi,1
damostardi,1
stomdi,1
dalqostor,1
šdotrodi,1
hediistedi,1
dodl,1
ostaiinhcsthi,1
arlctrhi,1
diistar,1
oldiostar,1
šeprhdi,1
ostiheol,1
orainhdišdi,1
plorar,1
hcsthiar,1
aiinostain,1
lhoar,1
holpri,1
otroralhi,1
hoprhol,1
dšodal,1
olhostal,1
istehod,1
dalaldam,1
šalom,1
šali,1
šolalam,1
dhairam,1
itralar,1
otreori,1
dalhor,1
holtram,1
holstei,1
šoltreol,1
itralodi,1
trolešal,1
oleam,1
otreodhi,1
itreohi,1
šolain,1
itreodain,1
ealam,1
otre,1
kocplhodi,1
kostalam,1
hairal,1
koctrain,1
holdal,1
otralhal,1
ostalis,1
airaldi,1
hcstain,1
itrhali,1
koplaiim,1
holali,1
triplhei,1
itraši,1
dšali,1
plidali,1
išolši,1
kotroli,1
olarali,1
holrali,1
cses,1
ohali,1
išeocsthi,1
olesei,1
arodaim,1
kotraili,1
dholi,1
koaiir,1
halolsti,1
olseg,1
aledi,1
kostalhar,1
trazain,1
heoestar,1
otrastar,1
opradain,1
oplšeolain,1
haltrar,1
šeetrhi,1
išealstair,1
odalali,1
olaldi,1
odalar,1
somi,1
odšhol,1
olestar,1
otrarhol,1
oqotrali,1
htraldi,1
holtrali,1
shoctrhhi,1
dalols,1
kostalos,1
šostalol,1
itraiplom,1
dtror,1
šaral,1
šolar,1
šeoctrham,1
isteši,1
šoestar,1
oplolsteor,1
olhocprhi,1
hiplaldi,1
olprham,1
sišeos,1
itrolstal,1
dtršol,1
ditral,1
iroleei,1
arairali,1
tršali,1
ostalsalhei,1
koed,1
trhstain,1
ihestei,1
kostedidain,1
diqostes,1
csthišeod,1
praimi,1
ritrei,1
trohei,1
kostarostes,1
arolqostei,1
oprair,1
sterodal,1
koprhepli,1
cprhesthdiiplhedi,1
heplhepri,1
šdhdi,1
ostalidain,1
lstedilsteodi,1
iheos,1
aiinotredi,1
oldotreol,1
hdalisteo,1
daiioamo,1
hoprhodi,1
ldidain,1
sšostei,1
sta,1
hidho,1
daindhol,1
dorg,1
dhctrhi,1
otršhor,1
dainšcsthi,1
kotraiinotrhi,1
dšar,1
ctrhaiindain,1
otršal,1
hoplicplhol,1
cprhodar,1
trhtri,1
stheals,1
šoosthe,1
rihodain,1
šeidhol,1
šesed,1
stisho,1
cstooain,1
troš,1
stoltroldiši,1
sthoan,1
trhoepl,1
plheioprhei,1
treodan,1
diheoctrhi,1
ostšeo,1
daird,1
doitrhodi,1
otrarin,1
kohodain,1
šotrostodihotrol,1
ostosthodm,1
hopridišo,1
sthshi,1
etrodain,1
daiirhi,1
hsei,1
sthisheain,1
ctrhaihar,1
hlain,1
hean,1
eldain,1
rhealham,1
daistam,1
hostesei,1
hhstri,1
esedi,1
hostsi,1
hiostar,1
hecsthodi,1
hotrheitrhol,1
hostitr,1
kostosthi,1
hostheo,1
sthal,1
trhotrhol,1
sthoarsotrodan,1
kotršol,1
iolstol,1
iostalod,1
šorodi,1
oplhod,1
otristei,1
ololi,1
ctriitroda,1
hoplol,1
ohsthar,1
dorodi,1
dala,1
kotrolo,1
sišotri,1
diosthi,1
kotriistei,1
oeen,1
stihodalg,1
plorori,1
ostaiisthal,1
hcsthali,1
ctrhcsteom,1
etreor,1
kodol,1
kodaiisthi,1
heoies,1
oster,1
ocsthoes,1
samhorli,1
ploror,1
orši,1
dtrhan,1
coi,1
otrholoctrhol,1
soloiin,1
cplhosthol,1
stoddi,1
stšeodl,1
stšodain,1
ohostei,1
prhohor,1
oplheodal,1
dhsihotrhi,1
hosthodain,1
trholosthostol,1
trhotrhei,1
hosteodol,1
otrhodardho,1
šoho,1
dheolhotrhodi,1
heosthetr,1
kostg,1
stšardihosthi,1
dainho,1
dls,1
harin,1
dihetrho,1
rhsesi,1
solhctrho,1
dalhaiind,1
hstalhi,1
hosteostihostoran,1
isthosteo,1
stsor,1
šotreo,1
hprorain,1
šišod,1
coain,1
šostiddhol,1
steihos,1
cplharidain,1
haiinši,1
sthaldi,1
lihals,1
dainhol,1
steod,1
otrihi,1
trolm,1
ctrei,1
osthodei,1
prhoiin,1
šisteodi,1
daiiodi,1
dainšo,1
daldšodar,1
doldheodain,1
daindain,1
hoddal,1
prho,1
ditrhor,1
shea,1
sotri,1
dhotri,1
plharasi,1
koprorom,1
dhitrhi,1
csthoiin,1
cplhhar,1
itridi,1
istholqod,1
isthotrhi,1
daiild,1
itrorid,1
hoprali,1
oplaldain,1
kotralodi,1
orsti,1
kostalhal,1
olstali,1
praiir,1
opraror,1
iqostali,1
org,1
trholi,1
kostaiinos,1
kotralom,1
trholšol,1
otrals,1
trolair,1
ploali,1
alsteain,1
cstši,1
tralar,1
tralhos,1
traldar,1
trolain,1
isteain,1
hstalar,1
kotrais,1
šesteali,1
plhši,1
šoplolhedi,1
šeolsteal,1
kostalar,1
kostalheol,1
ostorair,1
ainarals,1
tras,1
koestali,1
olecsthei,1
iprair,1
ilam,1
šeoisthi,1
oetralhg,1
plšei,1
koais,1
trolšeo,1
steoar,1
aiplhei,1
dalihs,1
dalas,1
sarols,1
prohor,1
oplorodi,1
koplhiplho,1
koprol,1
diotri,1
ostioees,1
olcprholi,1
trearhtri,1
hodidainotrhictrhod,1
daiinotraldordaim,1
rostiddali,1
dariitroldi,1
stitri,1
hšotri,1
trhališi,1
htrols,1
šeidain,1
oliostor,1
trididain,1
sheain,1
hlsol,1
ctrhidain,1
hdisain,1
ctrhišo,1
steoctrhi,1
octrhain,1
hosodain,1
ctrhl,1
ostšisaiin,1
dolhds,1
sihor,1
hoross,1
hictrhaiinšan,1
istšol,1
dainsstišor,1
ctrharitrol,1
stoldasti,1
plšdain,1
šeosteol,1
oplaldi,1
hoodi,1
stehodšei,1
treotrei,1
oplhetri,1
trolsteol,1
ctrhetri,1
lotral,1
dalmi,1
troctrhi,1
lolsteol,1
otrolhes,1
isteodam,1
dr,1
itrehed,1
osteoam,1
osthopl,1
ldiosteain,1
daiindair,1
trodiosti,1
dodiheod,1
daiindain,1
daiindais,1
hšol,1
kodari,1
plhetri,1
saraiir,1
icstheodi,1
eeos,1
eeodi,1
heoetr,1
hsteei,1
šodiplšei,1
trodidi,1
storari,1
hsto,1
pršolom,1
dod,1
olald,1
diosthol,1
distar,1
otrišotro,1
pliotritram,1
troditrhdi,1
trhtrho,1
olitrhom,1
plhomotror,1
sisa,1
isthom,1
tršololitrhor,1
dholdi,1
prholi,1
csthidom,1
ctrholo,1
plhain,1
sishor,1
ostii,1
holdhi,1
hostšhi,1
ctrhen,1
ssta,1
hdoli,1
olotrhi,1
hoctrhidoiin,1
oraiino,1
dioplhol,1
icsthodi,1
ordahi,1
odhain,1
istalostain,1
stidaini,1
otrhaliplhain,1
cstholsi,1
dorhorihstar,1
kotraiinctrhei,1
idihain,1
haindihtrod,1
dicplhi,1
dalshostain,1
otrohor,1
alšodaiinhol,1
danitrhain,1
dainddstol,1
soritroldidhol,1
daiinihol,1
stidain,1
prodanistš,1
daiildi,1
dlsšo,1
sohol,1
daiirol,1
daiinctrhei,1
danolsain,1
hansain,1
stedalei,1
šestheioplšes,1
iplhd,1
šstastedi,1
stešdi,1
didor,1
hpli,1
ra,1
iestedi,1
sthdiqostedi,1
hdhi,1
itrhesti,1
shdiitredi,1
sthdidhedi,1
šedei,1
itreihsthodiplhedpli,1
šepli,1
plarhdi,1
kosteodiistedi,1
lhdiqostedi,1
kostil,1
hedihcstheodi,1
dhdaldiistedi,1
kosteg,1
isteod,1
hctrhor,1
oltri,1
kotrhitror,1
kosthisti,1
hcsthan,1
trolor,1
hocsthiosti,1
ostšol,1
ostsei,1
hodisitroiin,1
ostaiinotrain,1
hostostor,1
ihost,1
hsta,1
stainhor,1
cstholdi,1
stosdain,1
trarodain,1
oprhtrar,1
prolor,1
cplhhi,1
kotridi,1
dasar,1
šestalhdi,1
holtri,1
šestodi,1
hoetrhi,1
heolsteplhi,1
plšesi,1
šocplhhi,1
ditridi,1
istolor,1
old,1
iprhdi,1
kocsthhdi,1
otrolol,1
tršed,1
košecsthhi,1
keostehi,1
šododi,1
šohol,1
hotrehi,1
hcsthhhi,1
pldsairi,1
daltreoši,1
otredio,1
hescsthi,1
trolsthdi,1
kostedol,1
dalorain,1
oistedi,1
šetrheodhs,1
daldar,1
amam,1
distedain,1
hoal,1
otreorom,1
darod,1
traros,1
oloain,1
ploheodi,1
sistain,1
dihor,1
ihisthi,1
otrli,1
koioesordi,1
idor,1
dainod,1
ihealod,1
isth,1
ošain,1
deeod,1
dtroain,1
doal,1
troror,1
dalidal,1
iplhocpri,1
sosthi,1
hotriosthi,1
dihosthi,1
trhostid,1
dhidi,1
osheor,1
otritrhi,1
dasti,1
dorl,1
trhisthi,1
kolodi,1
osoctrhor,1
plošodi,1
kostodar,1
seodain,1
kotraldshei,1
saiindi,1
hiqostei,1
itrhodidhol,1
sodiotreo,1
šostog,1
kocsthiistol,1
kotraiinotristol,1
hodictrhol,1
olhetri,1
ipral,1
prold,1
ohocsthi,1
trocplhol,1
otrod,1
koši,1
plhotrhi,1
daiinid,1
kotromodidhol,1
horodi,1
otralšor,1
diotrho,1
osthohor,1
pršodi,1
idarhom,1
iplod,1
oldcsthi,1
idair,1
kodctrhi,1
ods,1
oplidgsom,1
iplaim,1
cplhaldidair,1
koprho,1
hesteg,1
holdši,1
zeplhidsaoplhordi,1
dhhi,1
dihear,1
shar,1
hiplham,1
mol,1
ctrhahctrhi,1
otršain,1
daiiri,1
troši,1
htršar,1
hotrais,1
stšain,1
šotrain,1
sthodan,1
hsthori,1
holšol,1
hoesti,1
dcstidain,1
sheam,1
daiindam,1
dodain,1
trš,1
olha,1
ctrhohi,1
stšes,1
otrhotri,1
ctroiin,1
horo,1
stolshes,1
oholdi,1
hrsti,1
šair,1
heses,1
dein,1
otrosi,1
tršodpli,1
oracplhi,1
stoes,1
iplšoli,1
otroloain,1
idš,1
diees,1
kisthei,1
estostei,1
stšotrol,1
otrotra,1
šišo,1
kotrš,1
oid,1
oitri,1
plši,1
roiri,1
ploeain,1
koprhor,1
orho,1
šcprhor,1
daiitri,1
csthear,1
hstear,1
hastei,1
kostoral,1
hohain,1
deaiir,1
oso,1
daiiol,1
šcsthiorhain,1
plšeor,1
olstais,1
kopleedar,1
heprhdi,1
oršecsthi,1
solsthi,1
ssear,1
olstadi,1
trodalain,1
darin,1
šelain,1
traiplar,1
orolstain,1
sthediistei,1
aldalosam,1
solstaiinoplalste,1
dario,1
plistidal,1
iplhar,1
stolšo,1
oplhaldi,1
otridal,1
istolodi,1
laldan,1
ostolid,1
otrostol,1
otroram,1
heosdi,1
daramdal,1
otridari,1
otrdordi,1
dararda,1
sošcsthi,1
soršiain,1
saldain,1
hsteor,1
koesteol,1
ostearheol,1
arhei,1
stošolda,1
oplistei,1
kosteoda,1
sotreol,1
odoiin,1
sqosteo,1
troairši,1
daimd,1
doisthi,1
raldi,1
daroplhaisthi,1
otredan,1
tredalistedi,1
sdal,1
diedi,1
olosthi,1
kostealhorhor,1
aralotror,1
plhdotrei,1
iiplhdair,1
aiinotrodi,1
hdiistol,1
kplol,1
kstei,1
cplheoctrhi,1
hsm,1
ostolol,1
etrolctrheol,1
ctrhea,1
sthdol,1
kotroiir,1
csol,1
ctrodi,1
dotreoda,1
daisin,1
osteeol,1
cplhoar,1
iplholi,1
prheolain,1
iplhoošotrei,1
odarin,1
šeoor,1
holpl,1
šea,1
kostheol,1
heolostol,1
hsšo,1
stalšei,1
aiioli,1
dordod,1
orolali,1
dardš,1
otrodeodor,1
dedloi,1
ralr,1
stoldarod,1
odalidari,1
cplheodar,1
šoldain,1
dšeodi,1
daraiin,1
ctrheoli,1
oraroesteol,1
koorar,1
hoplihoprol,1
oršeoldi,1
kosteolotreodi,1
lšodi,1
doleodain,1
kosteodol,1
tresodi,1
prolcprhhi,1
doei,1
daor,1
disteor,1
hordomsorain,1
doeoeassaral,1
arodioldain,1
lsais,1
heproli,1
airam,1
sossi,1
stolor,1
oplolstod,1
koohei,1
sstestid,1
ksteei,1
stocsthas,1
olocsthi,1
dctrhodi,1
soees,1
soeprhocplhi,1
isteocsthei,1
desei,1
kioei,1
ideal,1
ksteod,1
sairali,1
itra,1
dostor,1
otrorar,1
otrala,1
sorali,1
arom,1
ditroli,1
dolari,1
olaran,1
trolhor,1
heoplor,1
cplheir,1
sidorarostorain,1
orolodain,1
kostolol,1
sosteodihodain,1
heods,1
ctrheieoctrhi,1
olheoloplheol,1
kesteoldi,1
koctrhor,1
itrolaiir,1
rh,1
kosteeor,1
treal,1
ksthol,1
dasdain,1
dosin,1
etreis,1
ctrheocsthošo,1
osteioiin,1
oralar,1
kostarari,1
šcstheol,1
ctrhear,1
steiheo,1
estheior,1
kstos,1
plosšeodi,1
košocplhi,1
oploroplhiotrhdal,1
koctrhodi,1
itreiostidaiindar,1
ctrhog,1
otridaiinotraldair,1
šdhi,1
holholctriisthi,1
tršosti,1
solootreochodaiindi,1
itrhl,1
kohoitrhi,1
ctrha,1
sdar,1
šeqostam,1
ctrheosšodain,1
kosteam,1
heoldair,1
ctrheidšeog,1
odeeodl,1
oliitrhol,1
ploalšsal,1
šocplhor,1
iplhocplheosain,1
dhecsthos,1
itreodam,1
cplhecsthi,1
sitri,1
saiidi,1
kocsthos,1
cstheostei,1
csthecsthi,1
prheos,1
itreodal,1
sals,1
šoctrhei,1
ctrhos,1
plšeodši,1
saldal,1
išees,1
otrheol,1
koeetri,1
shodi,1
ploršols,1
otrolsti,1
sahi,1
ostoroei,1
olrodar,1
oista,1
osteorain,1
ostocsthi,1
eddi,1
ster,1
ron,1
doiisali,1
iplori,1
oplhitrci,1
iplholdi,1
loralodi,1
oplhdard,1
soe,1
plodešo,1
hesteod,1
oeoisthi,1
kesteor,1
heoe,1
soiir,1
aies,1
plidaei,1
oldei,1
eos,1
istoear,1
istori,1
steeos,1
iotrain,1
ploain,1
šocsthsi,1
daisn,1
kocstheor,1
rhol,1
stohor,1
šestheor,1
saiim,1
aisthesti,1
prodain,1
kotreolorocsthei,1
koetrei,1
deodi,1
hsea,1
hoesi,1
darheos,1
hostaro,1
didarin,1
oplhedoi,1
oplaloiiri,1
dso,1
daresti,1
ostoraldi,1
otroisthi,1
daršodi,1
stoeorain,1
stosar,1
htrodain,1
pldan,1
koproiin,1
kopldol,1
istodair,1
hearotree,1
ecsthi,1
daiinhor,1
homqol,1
oairar,1
šetrihod,1
stori,1
ohar,1
eair,1
šeotrain,1
osteosdar,1
doral,1
ieo,1
sairdam,1
oplodain,1
daiinhos,1
hoees,1
darams,1
doepršeidairi,1
plšeoeploain,1
šidaiir,1
daisteodi,1
ltrheodi,1
osteoiho,1
isteoda,1
kostos,1
shtri,1
loi,1
radi,1
spral,1
cprhoi,1
oprheol,1
oplolsi,1
orarol,1
heosthei,1
ošeostain,1
oršos,1
dheoci,1
heitri,1
ostalda,1
dalg,1
dolhoi,1
didhi,1
olsteictrhi,1
cplhodar,1
trodor,1
oheplhodioldar,1
koctrhsi,1
sdheosti,1
sctrh,1
iheocsthi,1
ctrhiitreor,1
ctros,1
dhectrhei,1
ctrhosiisteor,1
csthisoiin,1
sheom,1
solhidotreos,1
kotrehoepl,1
ctrheiqosteod,1
kosteog,1
šoei,1
ctrhodolitreodain,1
trehol,1
kosheodi,1
cplhecsthiheor,1
heplheol,1
kostodallseei,1
steodam,1
itrheo,1
heoisheol,1
cprhs,1
istaiinsaral,1
atrolg,1
istšo,1
kosarolor,1
daraiinm,1
olctrhr,1
hosarošol,1
sohorcprhi,1
hoprari,1
hardaiindi,1
osaro,1
halsain,1
soitri,1
sosam,1
dastoctrh,1
sopral,1
olheom,1
kocplhecsthi,1
ctrhdaotro,1
keos,1
hctrhso,1
sorari,1
deamšol,1
kotreold,1
dorean,1
prolšodi,1
prhodiheol,1
oreso,1
alcprhi,1
ccsthhi,1
isteam,1
saiihor,1
kocsthodi,1
odeor,1
istšei,1
sai,1
hcstheodi,1
otrorhetri,1
orald,1
sorori,1
otrida,1
oprisstidal,1
opraldo,1
doršeoi,1
šolprhor,1
hcsthod,1
šestor,1
doleei,1
heomam,1
iosteodi,1
stoaiplhhi,1
orhor,1
plheoli,1
kocsthoi,1
hosals,1
olšeodi,1
dg,1
horholsal,1
ploeas,1
sostoldi,1
koesteor,1
stšdor,1
heplhdi,1
oplšol,1
šdali,1
hesthdi,1
hetrhdi,1
istoldi,1
dalprhi,1
hcsthiprhi,1
hcprhol,1
osteditred,1
ostoramog,1
ssteal,1
oplaral,1
oaro,1
ooror,1
itreold,1
heotrhi,1
tršoldi,1
hocsthhi,1
saiini,1
trolsasi,1
raroši,1
csthori,1
icsthi,1
oplšo,1
otreoeprol,1
dald,1
kostoli,1
kostold,1
cstei,1
kotroctrhei,1
kstori,1
stešei,1
oestsa,1
olhem,1
osteols,1
oolsal,1
šesesti,1
išain,1
šctri,1
cplhdaitrhi,1
kocprhei,1
oprhedol,1
rsšese,1
plodhei,1
istheos,1
oesqostoor,1
hiši,1
ololsdšheal,1
sisteol,1
šeil,1
šeoctriotrei,1
šolšcstheiotrol,1
šeiheor,1
olšeod,1
sior,1
aiinisteoloctrheodi,1
cprheos,1
alssolitrei,1
hocsthor,1
kesteodi,1
heodisisolhei,1
osteodisiolhei,1
šctrheo,1
stšeodal,1
koheotri,1
kostešsitreodi,1
etrodaitrhei,1
kotreheor,1
ctrhodaim,1
kosteosti,1
itrols,1
ksthei,1
ostehodoei,1
deoctrhei,1
stršeol,1
oplaiis,1
koplhedal,1
stalhdi,1
istaro,1
hst,1
kopr,1
alsoxocsthei,1
kostiosain,1
staedi,1
ditrhdi,1
ploleol,1
darala,1
istarši,1
lstaldi,1
hocprhor,1
hocsthiosthod,1
lplihol,1
ostahei,1
dasadi,1
šoridar,1
osteoshso,1
itrod,1
dolši,1
šsto,1
hopri,1
istodar,1
koesthi,1
seostol,1
troealhs,1
koesteisoeol,1
isteodis,1
csths,1
ostalsain,1
ctrheo,1
kosteosal,1
ois,1
domol,1
olšeosol,1
ctrheodal,1
hosthor,1
csthoctrhi,1
seheol,1
šostocprhi,1
hoplho,1
šoctrhodi,1
otrhodor,1
kosthodsaiinhostei,1
dheorheolheodain,1
oldidhsarheodi,1
kotrhos,1
arcsi,1
šestidi,1
alstainostal,1
otralainostain,1
halsšedain,1
iostain,1
stainitrasal,1
troltredi,1
ctrhoeplain,1
oestši,1
koprhdain,1
šoiprar,1
alpršed,1
kostš,1
astarar,1
heprar,1
dolstain,1
ssthdi,1
šeist,1
sthedain,1
plšedar,1
kotrhes,1
tršes,1
dolsthi,1
lše,1
otrarami,1
darari,1
ostoldodi,1
oeesari,1
daiine,1
saiino,1
otrolsar,1
osari,1
darolali,1
olestor,1
osteodor,1
doldam,1
dralas,1
stolearol,1
kstoldi,1
sost,1
ostoldiqstholdi,1
otriotrocstei,1
ostorain,1
oloiram,1
doror,1
eosain,1
koetral,1
kosteolo,1
šeodol,1
kostehom,1
šosteei,1
kotreoi,1
ostediostolol,1
ioiin,1
oqoeol,1
soctrhei,1
daiinostoli,1
šostolistei,1
kostololalosteol,1
kostiolaldi,1
aiidalaii,1
oraloliisteol,1
ostoldali,1
olsteoldi,1
osthši,1
ararhodain,1
istid,1
istocprhi,1
saldam,1
sidarari,1
idcplhdi,1
odori,1
oplhosam,1
saloiin,1
oplharoiin,1
oprorain,1
ostšd,1
oprastal,1
itrarem,1
otrolarol,1
koplholi,1
išoroiin,1
heami,1
heostiheodi,1
koeair,1
kocplhei,1
heocplhei,1
darolm,1
hestehi,1
keain,1
sei,1
dainaldi,1
daldal,1
oaitrhi,1
heoeplei,1
koaisthi,1
htraem,1
šoetri,1
head,1
daiinhodain,1
heid,1
cplhoedol,1
dolhsicstheol,1
trhodol,1
ostheg,1
plorehol,1
koda,1
heolotrolprho,1
lsteoplol,1
osteiosteol,1
coesti,1
stolhes,1
kosteoepri,1
šoldiqostol,1
isteodiosteeo,1
iosteol,1
eeostor,1
daiinqosteol,1
heolisteo,1
daimom,1
sheor,1
sorhei,1
hea,1
iheas,1
steostehi,1
aiino,1
iorain,1
plšeoas,1
koeplšeodi,1
ocplheooplar,1
isarasod,1
itrear,1
dtreodoiinsaroqohes,1
iheom,1
dheotreos,1
cplheos,1
hctrhosictrhitrhei,1
dšeos,1
ctrheododi,1
heistei,1
cstheor,1
soctrhh,1
trolhd,1
rolsi,1
esos,1
isthohdi,1
dalsi,1
disthal,1
ctrhoral,1
ctrhdectrhi,1
csthoor,1
kostomo,1
koolstei,1
eoseos,1
holstheol,1
solctrhi,1
odaidi,1
csthod,1
hocsthhor,1
šostesi,1
soraloali,1
araroi,1
heeal,1
stodšol,1
otrolšeos,1
octrhodali,1
oplaleprom,1
oeplhstšei,1
iham,1
ctrhodar,1
soprhoši,1
ctrhošol,1
dalodi,1
olshodhi,1
kosthodal,1
hotrolsotrol,1
isthdg,1
otrodarhodain,1
šeoes,1
šodam,1
šedom,1
ostheod,1
hcsths,1
lh,1
ihocsthi,1
osos,1
treols,1
treis,1
oheodain,1
ctrhosm,1
olhod,1
shos,1
otramisarar,1
histarostair,1
otrosthei,1
eha,1
hese,1
istai,1
istardal,1
istadieosteor,1
isthal,1
oaram,1
daiial,1
iestei,1
hsar,1
airhi,1
doair,1
otraldaldair,1
hda,1
itrida,1
otreoarar,1
hetresesher,1
itrari,1
oesa,1
isteidi,1
saridi,1
ostodhi,1
ohoist,1
ostodei,1
dpli,1
heoral,1
otresalod,1
idis,1
hpraisth,1
ehi,1
kostalain,1
odes,1
ecsi,1
oplals,1
oprhesi,1
oraiini,1
otreotror,1
otreolain,1
hostedam,1
osteholi,1
oiair,1
otredhor,1
olstho,1
ilali,1
otrasam,1
otrodol,1
stheoli,1
šolshei,1
hetršedi,1
kootro,1
scseistheol,1
dasaiinitrei,1
heetrhol,1
kocsthhi,1
hedas,1
koeostain,1
isteoes,1
otrololes,1
stodar,1
otreosol,1
olsei,1
hoesthhi,1
kosthši,1
hšest,1
osteg,1
šoesteal,1
ostoldam,1
heoda,1
hdail,1
shestol,1
idaiil,1
osthid,1
dsteeg,1
treolstehei,1
ostosi,1
osteoeei,1
orsteei,1
olsteoli,1
oplholdg,1
doar,1
olestei,1
ctrheplhi,1
ihetri,1
sheos,1
sestei,1
hodiosteos,1
oalhdm,1
šiostei,1
dalhes,1
ostehoi,1
hedadi,1
cectrhei,1
otrihdi,1
dorhi,1
išesos,1
soctrhs,1
alamhi,1
adairhdi,1
dhedal,1
isteeploliplhi,1
otroseisari,1
otreoisorasali,1
otrhdihetral,1
isteistei,1
sses,1
osteitrei,1
hesosteotreodi,1
hstorhi,1
dastei,1
šeli,1
ied,1
šosteolls,1
ocsto,1
heodaiir,1
esti,1
doled,1
otrehs,1
dihecsthi,1
cplhetri,1
arolsas,1
arali,1
ostehdaral,1
hcs,1
est,1
hesteis,1
ogeom,1
šolei,1
oedei,1
oeotri,1
oeoli,1
otrhs,1
otrest,1
šeostai,1
šedisteil,1
etreodis,1
ostoleolar,1
istledei,1
ostehli,1
šosthe,1
treoda,1
osteheai,1
otrehol,1
hsor,1
daein,1
oitreiedar,1
otrihedi,1
hostori,1
otreeodi,1
ostieši,1
opralals,1
reeos,1
ocprhei,1
hcpli,1
heolpli,1
osteoestol,1
holairi,1
oste,1
del,1
osteolosti,1
etrotrear,1
oemi,1
oecs,1
otresod,1
eplal,1
osteserr,1
csstesol,1
istesodarar,1
oleo,1
soear,1
atraseos,1
otricoil,1
hestaiplhi,1
cseo,1
ecsti,1
geem,1
osteel,1
esteolol,1
oesteor,1
ostolrain,1
osteoram,1
airolm,1
ošesi,1
osteori,1
heoestci,1
eoetri,1
oprhdisd,1
oeod,1
oplaiinar,1
eeoloi,1
itred,1
dhsain,1
osthes,1
otrealhedi,1
heostaidi,1
sandi,1
hsstar,1
altreol,1
oesteol,1
oplalg,1
oedali,1
oprheai,1
hetrolain,1
osteali,1
sani,1
hplali,1
osthesal,1
oleali,1
alhol,1
itrolain,1
osthedili,1
šdari,1
oplšeitrei,1
oplairali,1
hošidi,1
isri,1
oststr,1
ocprši,1
aiinod,1
ododi,1
otreopri,1
heoepli,1
otrarir,1
otroltroplar,1
opras,1
opralar,1
alšdi,1
hplar,1
ostariali,1
oplheolpri,1
otroloplain,1
šaldi,1
ostalair,1
oeodi,1
iotroam,1
otreoos,1
osteosti,1
istooar,1
aesteei,1
osteosteosteodi,1
otrosteoar,1
otreeodar,1
šoestei,1
heostseo,1
korsti,1
ostldam,1
otreoaldi,1
otreolar,1
osteoali,1
otralesti,1
otralsar,1
hsari,1
otralali,1
otresaei,1
lšeotrei,1
otrehar,1
lsthol,1
otreošalio,1
otroloaram,1
otrolhd,1
hetrši,1
hesten,1
odhectrhi,1
oprheor,1
oiinar,1
ostoali,1
otrcsdo,1
ostodali,1
otrcsei,1
otrisths,1
otris,1
troeodctrhi,1
otrolhctrhi,1
ohori,1
trodaraiili,1
olhesei,1
otreool,1
oidhi,1
dheoldi,1
otreeor,1
etroho,1
oprhsodi,1
otrheodar,1
oplocplhor,1
otrošol,1
ostehor,1
doaro,1
oalheol,1
hoctrheei,1
osthoal,1
trohso,1
otrhl,1
heostorhei,1
hostalostei,1
ccstheor,1
hsthistoli,1
ostardi,1
kaear,1
oectrhi,1
dostehi,1
otrheoli,1
dhisti,1
osteoda,1
rheodal,1
kosthdar,1
orid,1
koecsthi,1
dholal,1
stheoei,1
heodisain,1
ostemi,1
ostaisi,1
kostool,1
oeeo,1
odhd,1
heotreo,1
ošhei,1
otrhodal,1
oetrhdi,1
dahedi,1
kohectrhm,1
dhreo,1
osteodli,1
oshain,1
heocsthedhi,1
otreodhed,1
dalesd,1
ostinaiir,1
isteoše,1
kostolhei,1
ostild,1
dhisthi,1
ocsthodar,1
hdhol,1
hetrehi,1
dhosthr,1
dsi,1
otrgoldl,1
sthotri,1
darall,1
otridm,1
dolain,1
otrararain,1
osthosam,1
soaiindalam,1
damamm,1
eain,1
traedain,1
osalal,1
istiral,1
oraladi,1
troal,1
sastar,1
solair,1
solal,1
opril,1
opralain,1
oesthdi,1
oeola,1
les,1
airar,1
istalo,1
ostaraletr,1
olstao,1
ostidseog,1
oaproali,1
ocs,1
estais,1
ostolarm,1
kostoaiis,1
ocprhhi,1
dcsesor,1
oheplalain,1
soriostoral,1
dhsisthi,1
dehoestol,1
ocsthosam,1
stohardi,1
ohodare,1
dairstal,1
ehstolal,1
ostolaldi,1
plhodais,1
oestaodi,1
kostiiodi,1
oloesdr,1
istoo,1
iplheg,1
hostear,1
siin,1
ostšeoda,1
arosta,1
otrorsteol,1
eosti,1
otrehodor,1
odreei,1
sthohi,1
sthcsei,1
opracprom,1
plarar,1
otreostei,1
šseor,1
eodal,1
šeolodi,1
cplar,1
otreohor,1
treei,1
ostaistali,1
hprali,1
oplalar,1
šssti,1
otrhr,1
htros,1
šeplhol,1
otralodi,1
šolšdi,1
hsteal,1
ošododi,1
opraralar,1
oprhdadi,1
olstalain,1
heolsti,1
ostaiis,1
ostalšei,1
halain,1
adal,1
osteas,1
hdaiirsaini,1
šda,1
alpr,1
otralepr,1
ainam,1
otreotreodi,1
otreorar,1
oqostar,1
otraini,1
otreols,1
iroliostes,1
ostlairdi,1
osteolar,1
heosteodal,1
olctrhhi,1
heial,1
otrsei,1
kooel,1
otreari,1
ostairham,1
csetreei,1
šeictrhi,1
otroes,1
otralši,1
ainali,1
hhs,1
ola,1
aloi,1
hoctrhar,1
osteolain,1
ostarar,1
dišeol,1
osteoar,1
hestaitrhhi,1
hostes,1
ereoli,1
olalsi,1
šeen,1
otrosain,1
oploiisooin,1
aes,1
oeeodain,1
opršoldi,1
oploei,1
isteolal,1
ia,1
heolain,1
isteoli,1
oa,1
oestes,1
oetreos,1
dotrsei,1
šeisi,1
ioetrei,1
istoli,1
olpršeoral,1
itrairal,1
pridi,1
oprais,1
sesali,1
istairain,1
oiral,1
orara,1
olaisthi,1
eer,1
šses,1
oplholalain,1
otredas,1
šešdi,1
oletral,1
iprari,1
osaiisal,1
itroar,1
octrho,1
isthir,1
kotroear,1
eplairodi,1
itreoei,1
koestšg,1
oetreodi,1
ostesoe,1
soairal,1
istedal,1
hoisthedi,1
htreostein,1
eplhi,1
hplir,1
soetred,1
octrhhi,1
soeosteotr,1
hotreosti,1
seder,1
deshdi,1
istaras,1
etres,1
sainn,1
hetregi,1
ihsi,1
osteostedr,1
arheor,1
otreohedi,1
osteohdar,1
dararal,1
otresi,1
otrostedar,1
deetri,1
hplaram,1
istas,1
asa,1
sosaiir,1
šeosam,1
isthos,1
esidi,1
dhetrdi,1
rprhisthei,1
isthis,1
hsthdar,1
lstšisthi,1
histhr,1
orhoer,1
dacsari,1
oplodhol,1
sohi,1
otrocs,1
otrhoi,1
soraiis,1
idhos,1
ami,1
hocprhi,1
eoplorhi,1
salsoiin,1
opror,1
idag,1
itreoor,1
dorar,1
ais,1
dastan,1
otroldos,1
octrhole,1
itroeoplhei,1
soše,1
irl,1
opridi,1
iestes,1
orali,1
dilhsodi,1
oplholdi,1
dprar,1
oeoldan,1
itroain,1
ostadar,1
dhodar,1
isaldal,1
itrodal,1
hodalg,1
itrhodii,1
octrhis,1
itrostar,1
soeor,1
ostodas,1
sactrhhi,1
kstoi,1
idoli,1
itralhos,1
sišes,1
keistei,1
kostoain,1
oirsg,1
iplolhei,1
salhedal,1
otreosdal,1
sotrees,1
leir,1
hetreeosain,1
hetrhodi,1
šetrh,1
isteidom,1
alhesti,1
ostesdi,1
osteri,1
isteori,1
otredig,1
dalšei,1
olalain,1
otrorees,1
koihei,1
otrad,1
ootradi,1
ostehs,1
heplhes,1
ooooooooolarsr,1
ci,1
hoplheoplhi,1
hotreodi,1
otrešs,1
soliotreodi,1
hoesteos,1
alairdi,1
otroršeod,1
oplolain,1
hodalar,1
ostolair,1
diotreodas,1
trohodi,1
itrori,1
saimhi,1
orolgi,1
iprheodli,1
itrheas,1
otrehg,1
otreodšei,1
iplolol,1
ostosd,1
isteal,1
dgs,1
alestei,1
otreodalsi,1
hesteoar,1
dheosti,1
doitrhi,1
otrhetrhar,1
ostseo,1
sthm,1
isteedaiir,1
rsteo,1
hotreoli,1
csoesti,1
hotreos,1
ocsthh,1
ohes,1
hess,1
istaldi,1
prorar,1
heotreodal,1
hoetrhaldi,1
htramoplaiir,1
arodhedi,1
isted,1
otroeseor,1
otrhsi,1
hli,1
šetreal,1
hhetral,1
istemi,1
csthhei,1
šši,1
ddl,1
aloes,1
itraiir,1
itras,1
oplaram,1
dišol,1
šoctrhhi,1
dalali,1
iostal,1
hotrals,1
šstal,1
em,1
kosteašdi,1
šstehi,1
šeosain,1
ctrar,1
hoetrei,1
heotram,1
htrairi,1
itroetrear,1
holam,1
itrheoditror,1
htrali,1
arhol,1
dhohar,1
osthoctrhi,1
osteitram,1
doheo,1
dhostei,1
šsthodi,1
ilho,1
soir,1
hosteod,1
ostea,1
dstohi,1
istehodi,1
ostoese,1
dainstei,1
ohs,1
osthos,1
otralalg,1
otrilal,1
otralhi,1
otršeo,1
šecsth,1
datrei,1
hoetredi,1
otreotreotršo,1
hotrear,1
otreeo,1
oplis,1
ostasi,1
halali,1
otreatrei,1
heoltrei,1
daimdi,1
otrard,1
dolaram,1
otreosal,1
salols,1
ostaldal,1
istolain,1
dlai,1
otreoal,1
dii,1
dalalodi,1
otreošei,1
ostostšeo,1
sais,1
oamr,1
dlal,1
hestalhs,1
osthotrees,1
otrostaiman,1
otrili,1
oalheg,1
otrhodals,1
otrššdi,1
iplšaral,1
osteolol,1
oplotrei,1
otreheo,1
otrolain,1
asali,1
araidi,1
